pagina,id,titulo,link,tipologia,estado,tamanho,preco,preco_antigo,desconto,preco_por_metro,localizacao,data_publicacao
1,1,"Ver Apartamento T3 para comprar na Amadora, Arredores (Venteira)",https://gespub.casa.sapo.pt/v3/webinterface/client/counter.aspx?c=1&p=1043144&s=0&ps=1&SA=11&TW=162&MCA=1&BU=1&l=https://casa.sapo.pt/comprar-apartamento-t3-amadora-arredores-(venteira)-ac30b8c4-2218-11ed-883a-060000000053.html?g3pid=1043144,T3,77m²,,285000.0,,,,"Arredores (Venteira), Amadora, Distrito de Lisboa",
1,2,"Ver Apartamento para comprar na Amadora, Mina de Água",https://gespub.casa.sapo.pt/v3/webinterface/client/counter.aspx?c=1&p=1042756&s=0&ps=1&SA=11&TW=162&MCA=1&BU=1&l=https://casa.sapo.pt/comprar-apartamento-amadora-mina-de-agua-9d3a3bb7-93c9-11f0-8359-060000000051.html?g3pid=1042756,,,,260000.0,,,,"Mina de Água, Amadora, Distrito de Lisboa",
1,3,"Ver Apartamento T3 para comprar na Amadora, Águas Livres",https://gespub.casa.sapo.pt/v3/webinterface/client/counter.aspx?c=1&p=1042606&s=0&ps=1&SA=11&TW=162&MCA=1&BU=1&l=https://casa.sapo.pt/comprar-apartamento-t3-amadora-aguas-livres-b7d00d36-2f47-11f0-9e61-060000000056.html?g3pid=1042606,T3,Renovado,110.0,39500043500092.0,,,359091304546.29,"Águas Livres, Amadora, Distrito de Lisboa",
1,4,"Ver Apartamento T4 para comprar na Amadora, Alfragide Sul (Alfragide)",https://gespub.casa.sapo.pt/v3/webinterface/client/counter.aspx?c=1&p=1042021&s=0&ps=1&SA=11&TW=162&MCA=1&BU=1&l=https://casa.sapo.pt/comprar-apartamento-t4-amadora-alfragide-sul-(alfragide)-14faef60-29a0-11f0-a463-060000000052.html?g3pid=1042021,T4,Renovado,88.0,340000.0,,,3863.64,"Alfragide Sul (Alfragide), Amadora, Distrito de Lisboa",
1,5,"Ver Apartamento T2 para comprar na Amadora, Venteira",https://gespub.casa.sapo.pt/v3/webinterface/client/counter.aspx?c=1&p=1041725&s=0&ps=1&SA=11&TW=162&MCA=1&BU=1&l=https://casa.sapo.pt/comprar-apartamento-t2-amadora-venteira-201c785a-8e51-11f0-9e61-060000000056.html?g3pid=1041725,T2,Renovado,77.0,295000.0,,,3831.17,"Venteira, Amadora, Distrito de Lisboa",
1,6,"Ver Apartamento T3 para comprar na Amadora, Águas Livres",https://gespub.casa.sapo.pt/v3/webinterface/client/counter.aspx?c=1&p=1041613&s=0&ps=1&SA=11&TW=162&MCA=1&BU=1&l=https://casa.sapo.pt/comprar-apartamento-t3-amadora-aguas-livres-18203695-406a-11f0-9e61-060000000056.html?g3pid=1041613,T3,100m²,,39500043500092.0,,,,"Águas Livres, Amadora, Distrito de Lisboa",
1,7,"Ver Apartamento para comprar na Amadora, Mina de Água, Moinho do Guizo (A-Da-Beja)",https://casa.sapo.pt/comprar-apartamento-t2-amadora-mina-de-agua-moinho-do-guizo-(a-da-beja)-efe488af-129d-11ef-a211-060000000052.html,,Em construção,105.0,360000.0,,,3428.57,"Moinho do Guizo (A-Da-Beja), Mina de Água, Amadora, Distrito de Lisboa",
1,8,"Ver Apartamento T2 para comprar na Amadora, Mina de Água",https://casa.sapo.pt/comprar-apartamento-t2-amadora-mina-de-agua-5cb41ee5-972c-11f0-a463-060000000052.html,T2,60m²,,269000.0,,,,"Mina de Água, Amadora, Distrito de Lisboa",
1,9,"Ver Apartamento T1 para comprar na Amadora, Águas Livres",https://casa.sapo.pt/comprar-apartamento-t1-amadora-aguas-livres-0fb7886f-d4d2-49ea-9f0e-0db25f14185a.html,T1,47m²,,200000.0,,,,"Águas Livres, Amadora, Distrito de Lisboa",
1,10,"Ver Apartamento T3 para comprar na Amadora, Encosta do Sol",https://casa.sapo.pt/comprar-apartamento-t3-amadora-encosta-do-sol-357446b5-a42a-48b6-aa7a-5e5a2b75957e.html,T3,122m²,,290000.0,,,,"Encosta do Sol, Amadora, Distrito de Lisboa",
1,11,"Ver Apartamento T3 para comprar na Amadora, Águas Livres",https://casa.sapo.pt/comprar-apartamento-t3-amadora-aguas-livres-90f9464e-0558-11f0-9621-060000000058.html,T3,100m²,,290000.0,,,,"Águas Livres, Amadora, Distrito de Lisboa",
1,12,"Ver Apartamento T3 para comprar na Amadora, Alfragide",https://casa.sapo.pt/comprar-apartamento-t3-amadora-alfragide-f4b19b59-988f-4f0d-bed9-67ac9f7b534c.html,T3,120m²,,480000.0,,,,"Alfragide, Amadora, Distrito de Lisboa",
1,13,"Ver Apartamento T1 para comprar na Amadora, Águas Livres, Atalaia",https://casa.sapo.pt/comprar-apartamento-t1-amadora-aguas-livres-atalaia-eabbe244-892c-4394-b531-4cb7e8237425.html,T1,70m²,,345000.0,,,,"Atalaia, Águas Livres, Amadora, Distrito de Lisboa",
1,14,"Ver Apartamento T2 para comprar na Amadora, Falagueira-Venda Nova",https://casa.sapo.pt/comprar-apartamento-t2-amadora-falagueira-venda-nova-5ff1f279-431f-4b65-937b-61315d009e2d.html,T2,60m²,,250000.0,,,,"Falagueira-Venda Nova, Amadora, Distrito de Lisboa",
1,15,"Ver Apartamento T3 para comprar na Amadora, Águas Livres",https://casa.sapo.pt/comprar-apartamento-t3-amadora-aguas-livres-66ee7faf-5d76-11f0-80d2-060000000058.html,T3,110m²,,435000.0,,,,"Águas Livres, Amadora, Distrito de Lisboa",
1,16,"Ver Apartamento T2 para comprar na Amadora, Venteira, Piscinas (Reboleira)",https://casa.sapo.pt/comprar-apartamento-t2-amadora-venteira-piscinas-(reboleira)-0ebbfeaa-8fce-11f0-9e61-060000000056.html,T2,77m²,,295000.0,,,,"Piscinas (Reboleira), Venteira, Amadora, Distrito de Lisboa",
1,17,"Ver Apartamento T2 para comprar na Amadora, Venteira",https://casa.sapo.pt/comprar-apartamento-t2-amadora-venteira-ced0a15a-8bad-11f0-86ff-060000000058.html,T2,54m²,,235000.0,,,,"Venteira, Amadora, Distrito de Lisboa",
1,18,"Ver Apartamento T2 para comprar na Amadora, Venteira",https://casa.sapo.pt/comprar-apartamento-t2-amadora-venteira-15ec5fb8-8feb-11f0-9e61-060000000056.html,T2,77m²,,295000.0,,,,"Venteira, Amadora, Distrito de Lisboa",
1,19,"Ver Apartamento para comprar na Amadora, Mina de Água, Moinho do Guizo (São Brás)",https://casa.sapo.pt/comprar-apartamento-t2-amadora-mina-de-agua-moinho-do-guizo-(sao-bras)-755b3c0f-4841-11ef-a211-060000000052.html,,Em construção,105.0,370000.0,,,3523.81,"Moinho do Guizo (São Brás), Mina de Água, Amadora, Distrito de Lisboa",
1,20,"Ver Apartamento T2 para comprar na Amadora, Mina de Água, Urbanização Moinho do Guizo (São Brás)",https://casa.sapo.pt/comprar-apartamento-t2-amadora-mina-de-agua-urbanizacao-moinho-do-guizo-(sao-bras)-1ed14d4d-13a9-11ef-a211-060000000052.html,T2,Em construção,86.0,340000.0,,,3953.49,"Urbanização Moinho do Guizo (São Brás), Mina de Água, Amadora, Distrito de Lisboa",
1,21,"Ver Apartamento T3 para comprar na Amadora, Águas Livres, Urbanização Neudel",https://casa.sapo.pt/comprar-apartamento-t3-amadora-aguas-livres-urbanizacao-neudel-66036f5c-9728-11f0-a463-060000000052.html,T3,152m²,,580000.0,,,,"Urbanização Neudel, Águas Livres, Amadora, Distrito de Lisboa",
1,22,"Ver Apartamento T2 para comprar na Amadora, Mina de Água, Vila Chã (Mina)",https://casa.sapo.pt/comprar-apartamento-t2-amadora-mina-de-agua-vila-cha-(mina)-3af405b0-9728-11f0-a463-060000000052.html,T2,95m²,,390000.0,,,,"Vila Chã (Mina), Mina de Água, Amadora, Distrito de Lisboa",
1,23,"Ver Apartamento T4 para comprar na Amadora, Águas Livres, Urbanização Neudel",https://casa.sapo.pt/comprar-apartamento-t4-amadora-aguas-livres-urbanizacao-neudel-94ef7ce0-9728-11f0-a463-060000000052.html,T4,152m²,,580000.0,,,,"Urbanização Neudel, Águas Livres, Amadora, Distrito de Lisboa",
1,24,"Ver Apartamento para comprar na Amadora, Mina de Água, Urbanização Moinho do Guizo (São Brás)",https://casa.sapo.pt/comprar-apartamento-t1-amadora-mina-de-agua-urbanizacao-moinho-do-guizo-(sao-bras)-d34eb25a-12ac-11ef-a211-060000000052.html,,Em construção,52.0,290000.0,,,5576.92,"Urbanização Moinho do Guizo (São Brás), Mina de Água, Amadora, Distrito de Lisboa",
1,25,"Ver Apartamento T3 para comprar na Amadora, Águas Livres",https://casa.sapo.pt/comprar-apartamento-t3-amadora-aguas-livres-6adbbd5a-6303-11f0-a463-060000000052.html,T3,95m²,,395000.0,,,,"Águas Livres, Amadora, Distrito de Lisboa",
2,1,"Ver Apartamento para comprar na Amadora, Venteira",https://casa.sapo.pt/comprar-apartamento-t3-amadora-venteira-03b0cb49-f41f-11ef-953d-060000000058.html,,Usado,71.0,288000305000557.0,,,4056342323951.51,"Venteira, Amadora, Distrito de Lisboa",
2,2,"Ver Apartamento T3 para comprar na Amadora, Venteira",https://casa.sapo.pt/comprar-apartamento-t3-amadora-venteira-5c452a29-7f1c-11f0-a52b-060000000058.html,T3,Usado,78.0,279000.0,,,3576.92,"Venteira, Amadora, Distrito de Lisboa",
2,3,"Ver Apartamento T3 para comprar na Amadora, Águas Livres",https://casa.sapo.pt/comprar-apartamento-t3-amadora-aguas-livres-552e2a6c-9edc-4ca8-81f1-c1e8202c6713.html,T3,Usado,110.0,349000.0,,,3172.73,"Águas Livres, Amadora, Distrito de Lisboa",
2,4,"Ver Apartamento para comprar na Amadora, Mina de Água",https://casa.sapo.pt/comprar-apartamento-t3-amadora-mina-de-agua-6600ecd5-663b-11f0-8add-060000000054.html,,Renovado,65.0,289000.0,,,4446.15,"Mina de Água, Amadora, Distrito de Lisboa",
2,5,"Ver Apartamento T2 para comprar na Amadora, Venteira",https://casa.sapo.pt/comprar-apartamento-t2-amadora-venteira-e15ba364-9228-11f0-8add-060000000054.html,T2,Usado,107.0,450000.0,,,4205.61,"Venteira, Amadora, Distrito de Lisboa",
2,6,"Ver Apartamento T2 para comprar na Amadora, Venteira",https://casa.sapo.pt/comprar-apartamento-t2-amadora-venteira-fb783d93-9227-11f0-8add-060000000054.html,T2,Usado,103.0,430000.0,,,4174.76,"Venteira, Amadora, Distrito de Lisboa",
2,7,"Ver Apartamento T3 para comprar na Amadora, Venteira",https://casa.sapo.pt/comprar-apartamento-t3-amadora-venteira-851cc409-9227-11f0-8add-060000000054.html,T3,Usado,135.0,605000.0,,,4481.48,"Venteira, Amadora, Distrito de Lisboa",
2,8,"Ver Apartamento T2 para comprar / permutar na Amadora, Encosta do Sol, Colina do Sol (Alfornelos)",https://casa.sapo.pt/comprar-permutar-apartamento-t2-amadora-encosta-do-sol-colina-do-sol-(alfornelos)-990614cd-b87c-11ef-9e0e-060000000057.html,T2,Usado,75.0,230000.0,,,3066.67,"Colina do Sol (Alfornelos), Encosta do Sol, Amadora, Distrito de Lisboa",
2,9,"Ver Apartamento T1+2 para comprar na Amadora, Mina de Água",https://casa.sapo.pt/comprar-apartamento-t1-amadora-mina-de-agua-e70df271-8ab5-4f89-9f4c-ff047a5e19f6.html,T1,Usado,60.0,289000.0,,,4816.67,"Mina de Água, Amadora, Distrito de Lisboa",
2,10,"Ver Apartamento T3 para comprar na Amadora, Mina de Água",https://casa.sapo.pt/comprar-apartamento-t3-amadora-mina-de-agua-bf234c4d-6896-11f0-9e61-060000000056.html,T3,Usado,65.0,289000.0,,,4446.15,"Mina de Água, Amadora, Distrito de Lisboa",
2,11,"Ver Apartamento T3 para comprar na Amadora, Mina de Água",https://casa.sapo.pt/comprar-apartamento-t3-amadora-mina-de-agua-6a6611c4-76ae-11f0-9e61-060000000056.html,T3,Em construção,91.0,390000.0,,,4285.71,"Mina de Água, Amadora, Distrito de Lisboa",
2,12,"Ver Apartamento T3 para comprar na Amadora, Mina de Água",https://casa.sapo.pt/comprar-apartamento-t3-amadora-mina-de-agua-1f4513c7-25b7-11f0-8add-060000000054.html,T3,Novo,80.0,295000.0,,,3687.5,"Mina de Água, Amadora, Distrito de Lisboa",
2,13,"Ver Apartamento T2 para comprar na Amadora, Mina de Água",https://casa.sapo.pt/comprar-apartamento-t2-amadora-mina-de-agua-a25417b1-8349-11f0-b3d3-060000000057.html,T2,Recuperado,60.0,269000.0,,,4483.33,"Mina de Água, Amadora, Distrito de Lisboa",
2,14,"Ver Apartamento T3 para comprar na Amadora, Águas Livres",https://casa.sapo.pt/comprar-apartamento-t3-amadora-aguas-livres-6e44c124-57ee-11f0-8add-060000000054.html,T3,Por recuperar,86.0,299900.0,,,3487.21,"Águas Livres, Amadora, Distrito de Lisboa",
2,15,"Ver Apartamento para comprar na Amadora, Mina de Água",https://casa.sapo.pt/comprar-apartamento-t2-amadora-mina-de-agua-840500ee-6741-11f0-8add-060000000054.html,,Usado,80.0,279000.0,,,3487.5,"Mina de Água, Amadora, Distrito de Lisboa",
2,16,"Ver Apartamento para comprar na Amadora, Mina de Água",https://casa.sapo.pt/comprar-apartamento-t2-amadora-mina-de-agua-7b96cca1-686f-11f0-8247-060000000058.html,,Recuperado,80.0,269000.0,,,3362.5,"Mina de Água, Amadora, Distrito de Lisboa",
2,17,"Ver Apartamento T3 para comprar na Amadora, Águas Livres, Damaia de Baixo",https://casa.sapo.pt/comprar-apartamento-t3-amadora-aguas-livres-damaia-de-baixo-43f23f5e-89f9-11f0-a463-060000000052.html,T3,Recuperado,110.0,349000.0,,,3172.73,"Damaia de Baixo, Águas Livres, Amadora, Distrito de Lisboa",
2,18,"Ver Apartamento T1 para comprar / permutar na Amadora, Águas Livres, Damaia de Baixo",https://casa.sapo.pt/comprar-permutar-apartamento-t1-amadora-aguas-livres-damaia-de-baixo-1c52a19b-7857-11f0-b3d3-060000000057.html,T1,Recuperado,42.0,199500.0,,,4750.0,"Damaia de Baixo, Águas Livres, Amadora, Distrito de Lisboa",
2,19,"Ver Apartamento T2 para comprar na Amadora, Mina de Água",https://casa.sapo.pt/comprar-apartamento-t2-amadora-mina-de-agua-07c0ffcd-8d09-11f0-8359-060000000051.html,T2,Renovado,56.0,269000.0,,,4803.57,"Mina de Água, Amadora, Distrito de Lisboa",
2,20,"Ver Apartamento T3 para comprar na Amadora, Águas Livres",https://casa.sapo.pt/comprar-apartamento-t3-amadora-aguas-livres-d2d5b1e2-6b93-11f0-8add-060000000054.html,T3,Usado,110.0,349000.0,,,3172.73,"Águas Livres, Amadora, Distrito de Lisboa",
2,21,"Ver Apartamento T3 para comprar na Amadora, Venteira",https://casa.sapo.pt/comprar-apartamento-t3-amadora-venteira-8f86e0c6-8d8e-11f0-8add-060000000054.html,T3,Renovado,82.0,295000.0,,,3597.56,"Venteira, Amadora, Distrito de Lisboa",
2,22,"Ver Apartamento T3 para comprar na Amadora, Venteira",https://casa.sapo.pt/comprar-apartamento-t3-amadora-venteira-762bf1e8-9228-11f0-8add-060000000054.html,T3,Usado,136.0,590000.0,,,4338.24,"Venteira, Amadora, Distrito de Lisboa",
2,23,"Ver Apartamento T2 para comprar na Amadora, Venteira",https://casa.sapo.pt/comprar-apartamento-t2-amadora-venteira-4222d373-87e3-11f0-8add-060000000054.html,T2,Usado,100.0,265000.0,,,2650.0,"Venteira, Amadora, Distrito de Lisboa",
2,24,"Ver Apartamento T3 para comprar na Amadora, Águas Livres",https://casa.sapo.pt/comprar-apartamento-t3-amadora-aguas-livres-9b27ae5a-7c5d-11f0-b3d3-060000000057.html,T3,Renovado,110.0,349000.0,,,3172.73,"Águas Livres, Amadora, Distrito de Lisboa",
2,25,"Ver Apartamento T1 para comprar na Amadora, Falagueira-Venda Nova, Bairro do Bosque (Falagueira)",https://casa.sapo.pt/comprar-apartamento-t1-amadora-falagueira-venda-nova-bairro-do-bosque-(falagueira)-2a00bdcb-1019-11ee-aeeb-060000000051.html,T1,Usado,35.0,5000054000741.0,,,142858685735.46,"Bairro do Bosque (Falagueira), Falagueira-Venda Nova, Amadora, Distrito de Lisboa",
3,1,"Ver Apartamento T3 para comprar na Amadora, Águas Livres",https://casa.sapo.pt/comprar-apartamento-t3-amadora-aguas-livres-0190aa41-2693-11f0-8add-060000000054.html,T3,Recuperado,98.0,349000.0,,,3561.22,"Águas Livres, Amadora, Distrito de Lisboa",
3,2,"Ver Apartamento T2 para comprar na Amadora, Falagueira-Venda Nova",https://casa.sapo.pt/comprar-apartamento-t2-amadora-falagueira-venda-nova-52390576-9008-11f0-8add-060000000054.html,T2,Usado,82.0,320000.0,,,3902.44,"Falagueira-Venda Nova, Amadora, Distrito de Lisboa",
3,3,"Ver Apartamento T2 para comprar na Amadora, Águas Livres",https://casa.sapo.pt/comprar-apartamento-t2-amadora-aguas-livres-4893d37d-6400-11f0-8add-060000000054.html,T2,Usado,80.0,220000.0,,,2750.0,"Águas Livres, Amadora, Distrito de Lisboa",
3,4,"Ver Apartamento T3 para comprar na Amadora, Encosta do Sol, Colina do Sol (Alfornelos)",https://casa.sapo.pt/comprar-apartamento-t3-amadora-encosta-do-sol-colina-do-sol-(alfornelos)-2362d0ea-ac01-11ef-9e0e-060000000057.html,T3,Recuperado,124.0,385000.0,,,3104.84,"Colina do Sol (Alfornelos), Encosta do Sol, Amadora, Distrito de Lisboa",
3,5,"Ver Apartamento T3 para comprar na Amadora, Alfragide",https://casa.sapo.pt/comprar-apartamento-t3-amadora-alfragide-7baa67af-28cb-11f0-8add-060000000054.html,T3,Usado,140.0,599000.0,,,4278.57,"Alfragide, Amadora, Distrito de Lisboa",
3,6,"Ver Apartamento T3 para comprar na Amadora, Águas Livres, Damaia",https://casa.sapo.pt/comprar-apartamento-t3-amadora-aguas-livres-damaia-ab2b1e55-06c3-11f0-9e61-060000000056.html,T3,Usado,95.0,295000.0,,,3105.26,"Damaia, Águas Livres, Amadora, Distrito de Lisboa",
3,7,"Ver Apartamento T3 para comprar na Amadora, Mina de Água",https://casa.sapo.pt/comprar-apartamento-t3-amadora-mina-de-agua-24f47885-673f-11f0-8add-060000000054.html,T3,Usado,80.0,289000.0,,,3612.5,"Mina de Água, Amadora, Distrito de Lisboa",
3,8,"Ver Apartamento T2 para comprar na Amadora, Falagueira-Venda Nova",https://casa.sapo.pt/comprar-apartamento-t2-amadora-falagueira-venda-nova-c61fd822-2d7f-11f0-8add-060000000054.html,T2,Usado,70.0,270000.0,,,3857.14,"Falagueira-Venda Nova, Amadora, Distrito de Lisboa",
3,9,"Ver Apartamento T3 para comprar na Amadora, Águas Livres",https://casa.sapo.pt/comprar-apartamento-t3-amadora-aguas-livres-8fa1f897-ceaf-11ef-8add-060000000054.html,T3,Recuperado,98.0,349000.0,,,3561.22,"Águas Livres, Amadora, Distrito de Lisboa",
3,10,"Ver Apartamento T0 para comprar na Amadora, Mina de Água",https://casa.sapo.pt/comprar-apartamento-t0-amadora-mina-de-agua-09f60eea-6919-11f0-b3d3-060000000057.html,T0,Usado,55.0,269000.0,,,4890.91,"Mina de Água, Amadora, Distrito de Lisboa",
3,11,"Ver Apartamento T3 Triplex para comprar na Amadora, Águas Livres",https://casa.sapo.pt/comprar-apartamento-t3-amadora-aguas-livres-1de1d13d-84f7-11f0-8add-060000000054.html,T3,Usado,90.0,295000.0,,,3277.78,"Águas Livres, Amadora, Distrito de Lisboa",
3,12,"Ver Apartamento T3 para comprar na Amadora, Venteira",https://casa.sapo.pt/comprar-apartamento-t3-amadora-venteira-2cd03aa0-9228-11f0-8add-060000000054.html,T3,Usado,128.0,510000.0,,,3984.38,"Venteira, Amadora, Distrito de Lisboa",
3,13,"Ver Apartamento T3 para comprar na Amadora, Águas Livres",https://casa.sapo.pt/comprar-apartamento-t3-amadora-aguas-livres-d3e9b646-4940-11f0-80d2-060000000058.html,T3,Usado,89.0,330000340000294.0,,,3707868988767.35,"Águas Livres, Amadora, Distrito de Lisboa",
3,14,"Ver Apartamento T2 para comprar na Amadora, Venteira",https://casa.sapo.pt/comprar-apartamento-t2-amadora-venteira-61770933-9228-11f0-8add-060000000054.html,T2,Usado,107.0,470000.0,,,4392.52,"Venteira, Amadora, Distrito de Lisboa",
3,15,"Ver Apartamento para comprar na Amadora, Falagueira-Venda Nova",https://casa.sapo.pt/comprar-apartamento-t3-amadora-falagueira-venda-nova-9b20b03d-582f-11f0-b3d3-060000000057.html,,Recuperado,98.0,385000.0,,,3928.57,"Falagueira-Venda Nova, Amadora, Distrito de Lisboa",
3,16,"Ver Apartamento T2 para comprar na Amadora, Águas Livres",https://casa.sapo.pt/comprar-apartamento-t2-amadora-aguas-livres-ed1e6290-5cd4-11f0-8add-060000000054.html,T2,Renovado,75.0,269000.0,,,3586.67,"Águas Livres, Amadora, Distrito de Lisboa",
3,17,"Ver Apartamento para comprar na Amadora, Venteira",https://casa.sapo.pt/comprar-apartamento-t2-amadora-venteira-37278587-5d1a-11f0-8add-060000000054.html,,Usado,80.0,245000.0,,,3062.5,"Venteira, Amadora, Distrito de Lisboa",
3,18,"Ver Apartamento T1 para comprar na Amadora, Alfragide",https://casa.sapo.pt/comprar-apartamento-t1-amadora-alfragide-90a847ee-84f8-11f0-8add-060000000054.html,T1,Usado,80.0,305000.0,,,3812.5,"Alfragide, Amadora, Distrito de Lisboa",
3,19,"Ver Apartamento T3 para comprar na Amadora, Venteira",https://casa.sapo.pt/comprar-apartamento-t3-amadora-venteira-b98cbed3-8f28-11f0-b3d3-060000000057.html,T3,105m²,,349000.0,,,,"Venteira, Amadora, Distrito de Lisboa",
3,20,"Ver Apartamento T3 para comprar na Amadora, Encosta do Sol, Brandoa",https://casa.sapo.pt/comprar-apartamento-t3-amadora-encosta-do-sol-brandoa-54e17477-214b-11ec-91bc-060000000057.html,T3,Novo,130.0,375000.0,,,2884.62,"Brandoa, Encosta do Sol, Amadora, Distrito de Lisboa",
3,21,"Ver Apartamento T2 para comprar na Amadora, Venteira",https://casa.sapo.pt/comprar-apartamento-t2-amadora-venteira-354f4eb8-abc3-11ee-9c85-060000000052.html,T2,Usado,52.0,240000.0,,,4615.38,"Venteira, Amadora, Distrito de Lisboa",
3,22,"Ver Apartamento T3 para comprar na Amadora, Águas Livres",https://casa.sapo.pt/comprar-apartamento-t3-amadora-aguas-livres-bae23001-6a7b-11f0-8add-060000000054.html,T3,Usado,80.0,295000.0,,,3687.5,"Águas Livres, Amadora, Distrito de Lisboa",
3,23,"Ver Apartamento para comprar na Amadora, Falagueira-Venda Nova",https://casa.sapo.pt/comprar-apartamento-t2-amadora-falagueira-venda-nova-80add89d-324a-11f0-8359-060000000051.html,,Usado,91.0,299000.0,,,3285.71,"Falagueira-Venda Nova, Amadora, Distrito de Lisboa",
3,24,"Ver Apartamento T3 para comprar na Amadora, Águas Livres",https://casa.sapo.pt/comprar-apartamento-t3-amadora-aguas-livres-92dde435-6871-11f0-9e61-060000000056.html,T3,Renovado,110.0,349000.0,,,3172.73,"Águas Livres, Amadora, Distrito de Lisboa",
3,25,"Ver Apartamento T2 para comprar na Amadora, Venteira",https://casa.sapo.pt/comprar-apartamento-t2-amadora-venteira-d18e2f47-3a47-11f0-8add-060000000054.html,T2,Usado,70.0,275000.0,,,3928.57,"Venteira, Amadora, Distrito de Lisboa",
4,1,"Ver Apartamento T2 para comprar na Amadora, Águas Livres",https://casa.sapo.pt/comprar-apartamento-t2-amadora-aguas-livres-4181ea68-7e52-11f0-b3d3-060000000057.html,T2,Usado,70.0,275000.0,,,3928.57,"Águas Livres, Amadora, Distrito de Lisboa",
4,2,"Ver Apartamento T2 para comprar na Amadora, Falagueira-Venda Nova",https://casa.sapo.pt/comprar-apartamento-t2-amadora-falagueira-venda-nova-22a8ccff-6e2c-11f0-8add-060000000054.html,T2,Recuperado,79.0,279000.0,,,3531.65,"Falagueira-Venda Nova, Amadora, Distrito de Lisboa",
4,3,"Ver Apartamento T3 para comprar na Amadora, Águas Livres",https://casa.sapo.pt/comprar-apartamento-t3-amadora-aguas-livres-562ff417-ce51-11ef-9e61-060000000056.html,T3,Usado,140.0,460000.0,,,3285.71,"Águas Livres, Amadora, Distrito de Lisboa",
4,4,"Ver Apartamento para comprar na Amadora, Águas Livres",https://casa.sapo.pt/comprar-apartamento-t3-amadora-aguas-livres-aef907b9-f4b6-11ed-8a2b-060000000053.html,,Recuperado,90.0,349000.0,,,3877.78,"Águas Livres, Amadora, Distrito de Lisboa",
4,5,"Ver Apartamento T3 para comprar na Amadora, Alfragide",https://casa.sapo.pt/comprar-apartamento-t3-amadora-alfragide-87f602b0-2d7f-11f0-8add-060000000054.html,T3,Usado,135.0,650000.0,,,4814.81,"Alfragide, Amadora, Distrito de Lisboa",
4,6,"Ver Apartamento T2+1 para comprar na Amadora, Águas Livres",https://casa.sapo.pt/comprar-apartamento-t2-amadora-aguas-livres-5cf30c7d-43ae-11f0-8add-060000000054.html,T2,Usado,69.0,249000.0,,,3608.7,"Águas Livres, Amadora, Distrito de Lisboa",
4,7,"Ver Apartamento T2 para comprar na Amadora, Encosta do Sol, Colina do Sol (Alfornelos)",https://casa.sapo.pt/comprar-apartamento-t2-amadora-encosta-do-sol-colina-do-sol-(alfornelos)-4c253bc0-8585-11f0-8359-060000000051.html,T2,Por recuperar,93.0,325000.0,,,3494.62,"Colina do Sol (Alfornelos), Encosta do Sol, Amadora, Distrito de Lisboa",
4,8,"Ver Apartamento T3 para comprar na Amadora, Alfragide",https://casa.sapo.pt/comprar-apartamento-t3-amadora-alfragide-3dbaa2d0-452b-11f0-8359-060000000051.html,T3,Renovado,87.0,360000.0,,,4137.93,"Alfragide, Amadora, Distrito de Lisboa",
4,9,"Ver Apartamento T3 para comprar na Amadora, Águas Livres",https://casa.sapo.pt/comprar-apartamento-t3-amadora-aguas-livres-d0976e67-f04a-11ef-8359-060000000051.html,T3,Recuperado,95.0,39500043500092.0,,,415789931579.92,"Águas Livres, Amadora, Distrito de Lisboa",
4,10,"Ver Apartamento T2 para comprar na Amadora, Mina de Água, A-da-Beja (Mina)",https://casa.sapo.pt/comprar-apartamento-t2-amadora-mina-de-agua-a-da-beja-(mina)-450c0784-6c44-11f0-9e61-060000000056.html,T2,Usado,61.0,269000.0,,,4409.84,"A-da-Beja (Mina), Mina de Água, Amadora, Distrito de Lisboa",
4,11,"Ver Apartamento T2 para comprar na Amadora, Venteira",https://casa.sapo.pt/comprar-apartamento-t2-amadora-venteira-7b8fc337-0bc3-11f0-8add-060000000054.html,T2,Usado,132.0,430000.0,,,3257.58,"Venteira, Amadora, Distrito de Lisboa",
4,12,"Ver Apartamento T2 para comprar na Amadora, Águas Livres",https://casa.sapo.pt/comprar-apartamento-t2-amadora-aguas-livres-300f3f2c-8501-11f0-8add-060000000054.html,T2,Usado,73.0,285000.0,,,3904.11,"Águas Livres, Amadora, Distrito de Lisboa",
4,13,"Ver Apartamento para comprar na Amadora, Águas Livres",https://casa.sapo.pt/comprar-apartamento-t3-amadora-aguas-livres-fffddb4f-5c17-11f0-8add-060000000054.html,,Recuperado,83.0,295000.0,,,3554.22,"Águas Livres, Amadora, Distrito de Lisboa",
4,14,"Ver Apartamento T3 para comprar na Amadora, Águas Livres",https://casa.sapo.pt/comprar-apartamento-t3-amadora-aguas-livres-0a3a21a9-407f-11ef-b4a9-060000000058.html,T3,Novo,124.0,460000.0,,,3709.68,"Águas Livres, Amadora, Distrito de Lisboa",
4,15,"Ver Apartamento T3 para comprar na Amadora, Venteira",https://casa.sapo.pt/comprar-apartamento-t3-amadora-venteira-4fa25cf0-9227-11f0-8add-060000000054.html,T3,Usado,137.0,550000.0,,,4014.6,"Venteira, Amadora, Distrito de Lisboa",
4,16,"Ver Apartamento T3 para comprar na Amadora, Águas Livres",https://casa.sapo.pt/comprar-apartamento-t3-amadora-aguas-livres-4d594de5-8426-11f0-a463-060000000052.html,T3,Recuperado,90.0,349000.0,,,3877.78,"Águas Livres, Amadora, Distrito de Lisboa",
4,17,"Ver Apartamento T3 para comprar na Amadora, Águas Livres",https://casa.sapo.pt/comprar-apartamento-t3-amadora-aguas-livres-d7a5b870-407e-11ef-b4a9-060000000058.html,T3,Novo,124.0,450000.0,,,3629.03,"Águas Livres, Amadora, Distrito de Lisboa",
4,18,"Ver Apartamento T1+2 para comprar na Amadora, Mina de Água",https://casa.sapo.pt/comprar-apartamento-t1-amadora-mina-de-agua-0b2936e8-7c6e-11f0-b3d3-060000000057.html,T1,Renovado,60.0,289000.0,,,4816.67,"Mina de Água, Amadora, Distrito de Lisboa",
4,19,"Ver Apartamento T2 para comprar na Amadora, Encosta do Sol",https://casa.sapo.pt/comprar-apartamento-t2-amadora-encosta-do-sol-a66123ec-7fe5-11f0-8add-060000000054.html,T2,Usado,100.0,271000.0,,,2710.0,"Encosta do Sol, Amadora, Distrito de Lisboa",
4,20,"Ver Apartamento T3 para comprar na Amadora, Venteira",https://casa.sapo.pt/comprar-apartamento-t3-amadora-venteira-bb983529-de2f-11ef-8add-060000000054.html,T3,Usado,110.0,445000.0,,,4045.45,"Venteira, Amadora, Distrito de Lisboa",
4,21,"Ver Apartamento T3 para comprar na Amadora, Águas Livres, Damaia de Cima",https://casa.sapo.pt/comprar-apartamento-t3-amadora-aguas-livres-damaia-de-cima-32ffa732-4b64-11f0-8add-060000000054.html,T3,Recuperado,90.0,299900.0,,,3332.22,"Damaia de Cima, Águas Livres, Amadora, Distrito de Lisboa",
4,22,"Ver Apartamento T3 para comprar na Amadora, Falagueira-Venda Nova",https://casa.sapo.pt/comprar-apartamento-t3-amadora-falagueira-venda-nova-a890ce3b-8031-11f0-8add-060000000054.html,T3,Usado,90.0,265000.0,,,2944.44,"Falagueira-Venda Nova, Amadora, Distrito de Lisboa",
4,23,"Ver Apartamento T3 para comprar na Amadora, Serra de Carnaxide (Venteira)",https://casa.sapo.pt/comprar-apartamento-t3-amadora-serra-de-carnaxide-(venteira)-d036c695-327a-11f0-a2bc-060000000058.html,T3,Novo,1.0,485000.0,,,485000.0,"Serra de Carnaxide (Venteira), Amadora, Distrito de Lisboa",
4,24,"Ver Apartamento T2 para comprar na Amadora, Mina de Água",https://casa.sapo.pt/comprar-apartamento-t2-amadora-mina-de-agua-81674b02-f5ca-11ef-8add-060000000054.html,T2,Usado,60.0,180000.0,,,3000.0,"Mina de Água, Amadora, Distrito de Lisboa",
4,25,"Ver Apartamento T2 para comprar na Amadora, Venteira",https://casa.sapo.pt/comprar-apartamento-t2-amadora-venteira-e95a6d0d-9226-11f0-8add-060000000054.html,T2,Usado,137.0,560000.0,,,4087.59,"Venteira, Amadora, Distrito de Lisboa",
5,1,"Ver Apartamento T3 para comprar na Amadora, Venteira",https://casa.sapo.pt/comprar-apartamento-t3-amadora-venteira-a77db42c-0bc3-11f0-8add-060000000054.html,T3,Usado,140.0,485000.0,,,3464.29,"Venteira, Amadora, Distrito de Lisboa",
5,2,"Ver Apartamento T2 para comprar na Amadora, Encosta do Sol",https://casa.sapo.pt/comprar-apartamento-t2-amadora-encosta-do-sol-c6c0b4d2-6bd2-11f0-b3d3-060000000057.html,T2,Renovado,66.0,255000.0,,,3863.64,"Encosta do Sol, Amadora, Distrito de Lisboa",
5,3,"Ver Apartamento T1 para comprar na Amadora, Venteira",https://gespub.casa.sapo.pt/v3/webinterface/client/counter.aspx?c=1&p=1041907&s=0&ps=1&SA=11&TW=162&MCA=1&BU=1&l=https://casa.sapo.pt/comprar-apartamento-t1-amadora-venteira-f1f1e60b-7cff-11f0-a52b-060000000058.html?g3pid=1041907,T1,Usado,37.0,200000.0,,,5405.41,"Venteira, Amadora, Distrito de Lisboa",
5,4,"Ver Apartamento T3 para comprar na Amadora, Venteira",https://casa.sapo.pt/comprar-apartamento-t3-amadora-venteira-f44bf8e2-5e78-11f0-8359-060000000051.html,T3,Usado,76.0,315000.0,,,4144.74,"Venteira, Amadora, Distrito de Lisboa",
5,5,"Ver Duplex T5 para comprar na Amadora, Centro (Venteira)",https://casa.sapo.pt/comprar-duplex-t5-amadora-centro-(venteira)-94fcb7fc-7f27-11ef-8add-060000000054.html,T5,Usado,220.0,690000.0,,,3136.36,"Centro (Venteira), Amadora, Distrito de Lisboa",
5,6,"Ver Apartamento T2 para comprar na Amadora, Venteira",https://casa.sapo.pt/comprar-apartamento-t2-amadora-venteira-f837eb42-9226-11f0-8add-060000000054.html,T2,Usado,103.0,450000.0,,,4368.93,"Venteira, Amadora, Distrito de Lisboa",
5,7,"Ver Apartamento T3 para comprar na Amadora, Águas Livres",https://casa.sapo.pt/comprar-apartamento-t3-amadora-aguas-livres-ce5fc2f5-42f0-11f0-8add-060000000054.html,T3,Renovado,69.0,249000.0,,,3608.7,"Águas Livres, Amadora, Distrito de Lisboa",
5,8,"Ver Apartamento T2 para comprar na Amadora, Mina de Água",https://casa.sapo.pt/comprar-apartamento-t2-amadora-mina-de-agua-88950159-58c1-11f0-8add-060000000054.html,T2,Renovado,55.0,269000279000358.0,,,4890914163642.87,"Mina de Água, Amadora, Distrito de Lisboa",
5,9,"Ver Apartamento T0 para comprar na Amadora, Águas Livres",https://casa.sapo.pt/comprar-apartamento-t0-amadora-aguas-livres-40a93cf9-6919-11f0-b3d3-060000000057.html,T0,Usado,80.0,349000.0,,,4362.5,"Águas Livres, Amadora, Distrito de Lisboa",
5,10,"Ver Apartamento T2 para comprar na Amadora, Falagueira-Venda Nova",https://casa.sapo.pt/comprar-apartamento-t2-amadora-falagueira-venda-nova-2c9b7b23-7d1b-11f0-8359-060000000051.html,T2,Usado,60.0,330000.0,,,5500.0,"Falagueira-Venda Nova, Amadora, Distrito de Lisboa",
5,11,"Ver Apartamento para comprar na Amadora, Venteira",https://casa.sapo.pt/comprar-apartamento-t3-amadora-venteira-b2107674-5d1b-11f0-8add-060000000054.html,,Usado,75.0,310000.0,,,4133.33,"Venteira, Amadora, Distrito de Lisboa",
5,12,"Ver Apartamento T2 para comprar na Amadora, Falagueira-Venda Nova",https://casa.sapo.pt/comprar-apartamento-t2-amadora-falagueira-venda-nova-c8d5f600-673d-11f0-8add-060000000054.html,T2,Usado,80.0,279000.0,,,3487.5,"Falagueira-Venda Nova, Amadora, Distrito de Lisboa",
5,13,"Ver Apartamento T2 para comprar na Amadora, Mina de Água",https://casa.sapo.pt/comprar-apartamento-t2-amadora-mina-de-agua-c96491b8-001a-11f0-9e61-060000000056.html,T2,Usado,85.0,260000.0,,,3058.82,"Mina de Água, Amadora, Distrito de Lisboa",
5,14,"Ver Apartamento T1 para comprar na Amadora, Venteira",https://casa.sapo.pt/comprar-apartamento-t1-amadora-venteira-7e8f26cc-03ed-11f0-8add-060000000054.html,T1,Usado,46.0,190000.0,,,4130.43,"Venteira, Amadora, Distrito de Lisboa",
5,15,"Ver Apartamento T3 para comprar na Amadora, Águas Livres",https://casa.sapo.pt/comprar-apartamento-t3-amadora-aguas-livres-67e6cb82-7eb7-11f0-8add-060000000054.html,T3,Usado,85.0,295000.0,,,3470.59,"Águas Livres, Amadora, Distrito de Lisboa",
5,16,"Ver Apartamento T3 para comprar na Amadora, Águas Livres, Damaia",https://casa.sapo.pt/comprar-apartamento-t3-amadora-aguas-livres-damaia-e4b2a34b-114a-11f0-8add-060000000054.html,T3,Usado,85.0,295000.0,,,3470.59,"Damaia, Águas Livres, Amadora, Distrito de Lisboa",
5,17,"Ver Apartamento T3 para comprar na Amadora, Alfragide",https://casa.sapo.pt/comprar-apartamento-t3-amadora-alfragide-f0340e93-87db-11f0-8add-060000000054.html,T3,Usado,80.0,359000.0,,,4487.5,"Alfragide, Amadora, Distrito de Lisboa",
5,18,"Ver Apartamento T3 para comprar na Amadora, Quinta Grande (Alfragide)",https://casa.sapo.pt/comprar-apartamento-t3-amadora-quinta-grande-(alfragide)-2e606f4f-cd5b-44fd-aebd-0046d5eac779.html,T3,Usado,163.0,555000.0,,,3404.91,"Quinta Grande (Alfragide), Amadora, Distrito de Lisboa",
5,19,"Ver Apartamento T6 para comprar na Amadora, Venteira",https://casa.sapo.pt/comprar-apartamento-t6-ou-superior-amadora-venteira-9a66214b-6233-11f0-8add-060000000054.html,T6,Usado,94.0,430000.0,,,4574.47,"Venteira, Amadora, Distrito de Lisboa",
5,20,"Ver Apartamento T3 para comprar na Amadora, Mina de Água",https://casa.sapo.pt/comprar-apartamento-t3-amadora-mina-de-agua-ae09e057-8a63-11f0-8add-060000000054.html,T3,Usado,114.0,372500.0,,,3267.54,"Mina de Água, Amadora, Distrito de Lisboa",
5,21,"Ver Apartamento T2 para comprar na Amadora, Venteira",https://casa.sapo.pt/comprar-apartamento-t2-amadora-venteira-d661e46e-3308-11f0-8add-060000000054.html,T2,Usado,70.0,257500263000209.0,,,3678575185717.27,"Venteira, Amadora, Distrito de Lisboa",
5,22,"Ver Apartamento T3 para comprar na Amadora, Mina de Água",https://casa.sapo.pt/comprar-apartamento-t3-amadora-mina-de-agua-868e59b9-6d35-11f0-b3d3-060000000057.html,T3,68m²,,330000.0,,,,"Mina de Água, Amadora, Distrito de Lisboa",
5,23,"Ver Apartamento T3 para comprar na Amadora, Mina de Água",https://casa.sapo.pt/comprar-apartamento-t3-amadora-mina-de-agua-260178db-a836-11ef-8add-060000000054.html,T3,Recuperado,107.0,295000.0,,,2757.01,"Mina de Água, Amadora, Distrito de Lisboa",
5,24,"Ver Apartamento T3 para comprar na Amadora, Águas Livres",https://casa.sapo.pt/comprar-apartamento-t3-amadora-aguas-livres-b676446b-837e-11f0-9e61-060000000056.html,T3,Usado,110.0,349000.0,,,3172.73,"Águas Livres, Amadora, Distrito de Lisboa",
5,25,"Ver Apartamento T3 para comprar na Amadora, Águas Livres",https://casa.sapo.pt/comprar-apartamento-t3-amadora-aguas-livres-dc304b3b-407f-11ef-b4a9-060000000058.html,T3,Novo,125.0,445000.0,,,3560.0,"Águas Livres, Amadora, Distrito de Lisboa",
6,1,"Ver Apartamento T3 para comprar na Amadora, Águas Livres, Benfica",https://casa.sapo.pt/comprar-apartamento-t3-amadora-aguas-livres-benfica-5dbf1417-799a-11f0-9e61-060000000056.html,T3,Renovado,85.0,529900.0,,,6234.12,"Benfica, Águas Livres, Amadora, Distrito de Lisboa",
6,2,"Ver Apartamento T2 para comprar na Amadora, Falagueira-Venda Nova, Moinhos da Falagueira (Falagueira)",https://casa.sapo.pt/comprar-apartamento-t2-amadora-falagueira-venda-nova-moinhos-da-falagueira-(falagueira)-fc8a1503-3797-43c1-a095-29dbbca5f529.html,T2,Usado,106.0,330000.0,,,3113.21,"Moinhos da Falagueira (Falagueira), Falagueira-Venda Nova, Amadora, Distrito de Lisboa",
6,3,"Ver Apartamento T2 para comprar na Amadora, Falagueira-Venda Nova",https://casa.sapo.pt/comprar-apartamento-t2-amadora-falagueira-venda-nova-909c8e0b-50df-11f0-8add-060000000054.html,T2,Renovado,78.0,279000.0,,,3576.92,"Falagueira-Venda Nova, Amadora, Distrito de Lisboa",
6,4,"Ver Apartamento T3 para comprar na Amadora, Águas Livres",https://casa.sapo.pt/comprar-apartamento-t3-amadora-aguas-livres-4b4e2d7d-ce51-11ef-9e61-060000000056.html,T3,Usado,140.0,455000.0,,,3250.0,"Águas Livres, Amadora, Distrito de Lisboa",
6,5,"Ver Apartamento T3 para comprar na Amadora, Águas Livres, Benfica",https://casa.sapo.pt/comprar-apartamento-t3-amadora-aguas-livres-benfica-66b4e169-78d3-11f0-9e61-060000000056.html,T3,Renovado,125.0,549900.0,,,4399.2,"Benfica, Águas Livres, Amadora, Distrito de Lisboa",
6,6,"Ver Apartamento T3 para comprar na Amadora, Venteira",https://casa.sapo.pt/comprar-apartamento-t3-amadora-venteira-acf022e3-9227-11f0-8add-060000000054.html,T3,Usado,137.0,550000.0,,,4014.6,"Venteira, Amadora, Distrito de Lisboa",
6,7,"Ver Apartamento T2 para comprar na Amadora, Falagueira-Venda Nova",https://casa.sapo.pt/comprar-apartamento-t2-amadora-falagueira-venda-nova-56160992-8bdd-11ef-96bc-060000000058.html,T2,Usado,160.0,449000.0,,,2806.25,"Falagueira-Venda Nova, Amadora, Distrito de Lisboa",
6,8,"Ver Apartamento T2 para comprar na Amadora, Águas Livres",https://casa.sapo.pt/comprar-apartamento-t2-amadora-aguas-livres-c7b1d280-429c-11f0-9e61-060000000056.html,T2,Usado,73.0,259900.0,,,3560.27,"Águas Livres, Amadora, Distrito de Lisboa",
6,9,"Ver Apartamento T3 para comprar na Amadora, Falagueira-Venda Nova",https://casa.sapo.pt/comprar-apartamento-t3-amadora-falagueira-venda-nova-270e076e-94d9-11f0-b6a1-060000000058.html,T3,Usado,120.0,490000.0,,,4083.33,"Falagueira-Venda Nova, Amadora, Distrito de Lisboa",
6,10,"Ver Apartamento T3 para comprar na Amadora, Águas Livres",https://casa.sapo.pt/comprar-apartamento-t3-amadora-aguas-livres-f2002dda-5dba-11f0-80d2-060000000058.html,T3,Usado,123.0,469500.0,,,3817.07,"Águas Livres, Amadora, Distrito de Lisboa",
6,11,"Ver Apartamento T2 para comprar na Amadora, Falagueira-Venda Nova",https://casa.sapo.pt/comprar-apartamento-t2-amadora-falagueira-venda-nova-ff7755d5-2c16-11f0-8add-060000000054.html,T2,Recuperado,78.0,279000.0,,,3576.92,"Falagueira-Venda Nova, Amadora, Distrito de Lisboa",
6,12,"Ver Apartamento T3 para comprar na Amadora, Venteira",https://casa.sapo.pt/comprar-apartamento-t3-amadora-venteira-db7b9cb7-62f8-11f0-8add-060000000054.html,T3,Usado,186.0,400000.0,,,2150.54,"Venteira, Amadora, Distrito de Lisboa",
6,13,"Ver Apartamento T1 para comprar na Amadora, Falagueira-Venda Nova",https://casa.sapo.pt/comprar-apartamento-t1-amadora-falagueira-venda-nova-35b0f511-415f-11f0-8add-060000000054.html,T1,Usado,65.0,200000.0,,,3076.92,"Falagueira-Venda Nova, Amadora, Distrito de Lisboa",
6,14,"Ver Apartamento T4 para comprar na Amadora, Venteira",https://casa.sapo.pt/comprar-apartamento-t4-amadora-venteira-04b9739c-9227-11f0-8add-060000000054.html,T4,Usado,165.0,660000.0,,,4000.0,"Venteira, Amadora, Distrito de Lisboa",
6,15,"Ver Apartamento T3 para comprar na Amadora, Águas Livres",https://casa.sapo.pt/comprar-apartamento-t3-amadora-aguas-livres-7d8785b7-8a64-11f0-b3d3-060000000057.html,T3,Recuperado,85.0,340000.0,,,4000.0,"Águas Livres, Amadora, Distrito de Lisboa",
6,16,"Ver Apartamento T2 para comprar na Amadora, Falagueira-Venda Nova",https://casa.sapo.pt/comprar-apartamento-t2-amadora-falagueira-venda-nova-2c34e240-7f23-11f0-8add-060000000054.html,T2,Usado,78.0,279000.0,,,3576.92,"Falagueira-Venda Nova, Amadora, Distrito de Lisboa",
6,17,"Ver Apartamento T3 para comprar na Amadora, Mina de Água",https://casa.sapo.pt/comprar-apartamento-t3-amadora-mina-de-agua-f0afa32b-e4aa-11ef-a463-060000000052.html,T3,Recuperado,136.0,465000475000211.0,,,3419121139707.43,"Mina de Água, Amadora, Distrito de Lisboa",
6,18,"Ver Apartamento para comprar na Amadora, Águas Livres",https://casa.sapo.pt/comprar-apartamento-amadora-aguas-livres-01c6c269-e2e9-11ee-9310-060000000057.html,,Novo,140.0,485000.0,,,3464.29,"Águas Livres, Amadora, Distrito de Lisboa",
6,19,"Ver Apartamento T3 Duplex para comprar na Amadora, Falagueira-Venda Nova, Centro (Venda Nova)",https://casa.sapo.pt/comprar-apartamento-t3-amadora-falagueira-venda-nova-centro-(venda-nova)-5fb9752b-569b-11f0-8add-060000000054.html,T3,Renovado,97.0,385000.0,,,3969.07,"Centro (Venda Nova), Falagueira-Venda Nova, Amadora, Distrito de Lisboa",
6,20,"Ver Apartamento T2 para comprar na Amadora, Venteira",https://casa.sapo.pt/comprar-apartamento-t2-amadora-venteira-df89b7f3-06e8-11f0-9e61-060000000056.html,T2,Em construção,119.0,430000.0,,,3613.45,"Venteira, Amadora, Distrito de Lisboa",
6,21,"Ver Apartamento T2 para comprar na Amadora, Águas Livres, Buraca",https://casa.sapo.pt/comprar-apartamento-t2-amadora-aguas-livres-buraca-e5d1e709-4b7f-11f0-8add-060000000054.html,T2,Renovado,68.0,269000.0,,,3955.88,"Buraca, Águas Livres, Amadora, Distrito de Lisboa",
6,22,"Ver Apartamento T1+2 para comprar na Amadora, Mina de Água",https://casa.sapo.pt/comprar-apartamento-t1-amadora-mina-de-agua-afd6ac7d-8354-11f0-b3d3-060000000057.html,T1,Recuperado,63.0,289000.0,,,4587.3,"Mina de Água, Amadora, Distrito de Lisboa",
6,23,"Ver Apartamento T0 para comprar na Amadora, Águas Livres",https://casa.sapo.pt/comprar-apartamento-t0-amadora-aguas-livres-78d0edac-8358-11f0-8add-060000000054.html,T0,Usado,47.0,150000.0,,,3191.49,"Águas Livres, Amadora, Distrito de Lisboa",
6,24,"Ver Apartamento T2 para comprar na Amadora, Mina de Água, Vila Chã (São Brás)",https://casa.sapo.pt/comprar-apartamento-t2-amadora-mina-de-agua-vila-cha-(sao-bras)-67f75a9f-8b42-11f0-8add-060000000054.html,T2,Recuperado,90.0,293000.0,,,3255.56,"Vila Chã (São Brás), Mina de Água, Amadora, Distrito de Lisboa",
6,25,"Ver Apartamento para comprar na Amadora, Águas Livres",https://casa.sapo.pt/comprar-apartamento-t4-amadora-aguas-livres-fed08bdd-5d9d-11f0-8add-060000000054.html,,Renovado,83.0,347500355000211.0,,,4186751265062.78,"Águas Livres, Amadora, Distrito de Lisboa",
7,1,"Ver Apartamento T2 para comprar na Amadora, Venteira",https://casa.sapo.pt/comprar-apartamento-t2-amadora-venteira-1d9cbe45-72ea-11f0-a52b-060000000058.html,T2,Usado,1.0,420000.0,,,420000.0,"Venteira, Amadora, Distrito de Lisboa",
7,2,"Ver Apartamento T2 para comprar na Amadora, Falagueira-Venda Nova",https://casa.sapo.pt/comprar-apartamento-t2-amadora-falagueira-venda-nova-05c9f278-858a-11f0-8add-060000000054.html,T2,Renovado,65.0,279000.0,,,4292.31,"Falagueira-Venda Nova, Amadora, Distrito de Lisboa",
7,3,"Ver Apartamento T2 para comprar na Amadora, Mina de Água",https://casa.sapo.pt/comprar-apartamento-t2-amadora-mina-de-agua-0964887c-41d2-11f0-8add-060000000054.html,T2,Usado,83.0,207000.0,,,2493.98,"Mina de Água, Amadora, Distrito de Lisboa",
7,4,"Ver Apartamento T4 para comprar na Amadora, Venteira",https://casa.sapo.pt/comprar-apartamento-t4-amadora-venteira-08006f48-9228-11f0-8add-060000000054.html,T4,Usado,165.0,640000.0,,,3878.79,"Venteira, Amadora, Distrito de Lisboa",
7,5,"Ver Apartamento T1 para comprar na Amadora, CP (Venteira)",https://casa.sapo.pt/comprar-apartamento-t1-amadora-cp-(venteira)-4a6e73d7-73b8-11f0-8add-060000000054.html,T1,Usado,62.0,230000.0,,,3709.68,"CP (Venteira), Amadora, Distrito de Lisboa",
7,6,"Ver Apartamento T2 para comprar na Amadora, Mina de Água",https://casa.sapo.pt/comprar-apartamento-t2-amadora-mina-de-agua-cbf77608-93af-11f0-8add-060000000054.html,T2,Usado,83.0,250000.0,,,3012.05,"Mina de Água, Amadora, Distrito de Lisboa",
7,7,"Ver Apartamento T3 para comprar na Amadora, Águas Livres, Reboleira",https://casa.sapo.pt/comprar-apartamento-t3-amadora-aguas-livres-reboleira-716da032-8b40-11f0-8add-060000000054.html,T3,Renovado,100.0,230000.0,,,2300.0,"Reboleira, Águas Livres, Amadora, Distrito de Lisboa",
7,8,"Ver Apartamento T3 para comprar na Amadora, Venteira",https://casa.sapo.pt/comprar-apartamento-t3-amadora-venteira-9e947fd5-1478-11ee-aeeb-060000000051.html,T3,Usado,137.0,295000.0,,,2153.28,"Venteira, Amadora, Distrito de Lisboa",
7,9,"Ver Apartamento T4 para comprar na Amadora, Águas Livres",https://casa.sapo.pt/comprar-apartamento-t4-amadora-aguas-livres-63b0b7e0-7eb9-11f0-8add-060000000054.html,T4,Usado,95.0,329000.0,,,3463.16,"Águas Livres, Amadora, Distrito de Lisboa",
7,10,"Ver Apartamento T10 para comprar na Amadora, Encosta do Sol",https://casa.sapo.pt/comprar-apartamento-t6-ou-superior-amadora-encosta-do-sol-d37cf660-3b93-11f0-b3d3-060000000057.html,T10,Usado,191.0,410000.0,,,2146.6,"Encosta do Sol, Amadora, Distrito de Lisboa",
7,11,"Ver Apartamento T4 para comprar na Amadora, Venteira",https://casa.sapo.pt/comprar-apartamento-t4-amadora-venteira-78432cd1-9227-11f0-8add-060000000054.html,T4,Usado,165.0,650000.0,,,3939.39,"Venteira, Amadora, Distrito de Lisboa",
7,12,"Ver Apartamento T1+2 para comprar na Amadora, Águas Livres, Damaia de Baixo",https://casa.sapo.pt/comprar-apartamento-t1-amadora-aguas-livres-damaia-de-baixo-27593f2d-8352-11f0-b3d3-060000000057.html,T1,Recuperado,54.0,294000.0,,,5444.44,"Damaia de Baixo, Águas Livres, Amadora, Distrito de Lisboa",
7,13,"Ver Apartamento T3 para comprar na Amadora, Venteira",https://casa.sapo.pt/comprar-apartamento-t3-amadora-venteira-0bed7df4-71bf-11f0-8add-060000000054.html,T3,Usado,77.0,285000.0,,,3701.3,"Venteira, Amadora, Distrito de Lisboa",
7,14,"Ver Apartamento para comprar na Amadora, Águas Livres",https://casa.sapo.pt/comprar-apartamento-t3-amadora-aguas-livres-6982ae46-57d1-11f0-b3d3-060000000057.html,,Usado,127.0,385000.0,,,3031.5,"Águas Livres, Amadora, Distrito de Lisboa",
7,15,"Ver Apartamento T2 para comprar na Amadora, Mina de Água",https://casa.sapo.pt/comprar-apartamento-t2-amadora-mina-de-agua-f888b781-2697-11f0-8add-060000000054.html,T2,Recuperado,80.0,289000.0,,,3612.5,"Mina de Água, Amadora, Distrito de Lisboa",
7,16,"Ver Apartamento T3 para comprar na Amadora, Águas Livres, Damaia de Baixo",https://casa.sapo.pt/comprar-apartamento-t3-amadora-aguas-livres-damaia-de-baixo-53a406f2-57ff-11f0-8add-060000000054.html,T3,Renovado,98.0,349000.0,,,3561.22,"Damaia de Baixo, Águas Livres, Amadora, Distrito de Lisboa",
7,17,"Ver Apartamento T3 para comprar na Amadora, Venteira",https://casa.sapo.pt/comprar-apartamento-t3-amadora-venteira-eae4214c-6302-11ee-aeeb-060000000051.html,T3,Usado,137.0,290000.0,,,2116.79,"Venteira, Amadora, Distrito de Lisboa",
7,18,"Ver Apartamento T1 para comprar na Amadora, Venteira",https://casa.sapo.pt/comprar-apartamento-t1-amadora-venteira-6579ff9a-6935-11f0-8add-060000000054.html,T1,Usado,31.0,164900.0,,,5319.35,"Venteira, Amadora, Distrito de Lisboa",
7,19,"Ver Apartamento T2 para comprar na Amadora, Mina de Água",https://casa.sapo.pt/comprar-apartamento-t2-amadora-mina-de-agua-d86ed8db-8d91-11f0-b3d3-060000000057.html,T2,Recuperado,60.0,269000.0,,,4483.33,"Mina de Água, Amadora, Distrito de Lisboa",
7,20,"Ver Apartamento T3 para comprar na Amadora, Águas Livres",https://casa.sapo.pt/comprar-apartamento-t3-amadora-aguas-livres-44552b5f-6896-11f0-9e61-060000000056.html,T3,Usado,110.0,349000.0,,,3172.73,"Águas Livres, Amadora, Distrito de Lisboa",
7,21,"Ver Apartamento T3 para comprar na Amadora, Alfragide",https://casa.sapo.pt/comprar-apartamento-t3-amadora-alfragide-e15ce7d5-8b05-11f0-8add-060000000054.html,T3,Usado,109.0,430000.0,,,3944.95,"Alfragide, Amadora, Distrito de Lisboa",
7,22,"Ver Apartamento T3 para comprar na Amadora, Falagueira-Venda Nova",https://casa.sapo.pt/comprar-apartamento-t3-amadora-falagueira-venda-nova-00b867d2-6f2c-11f0-8359-060000000051.html,T3,Renovado,100.0,385000.0,,,3850.0,"Falagueira-Venda Nova, Amadora, Distrito de Lisboa",
7,23,"Ver Apartamento T1 para comprar na Amadora, Águas Livres",https://casa.sapo.pt/comprar-apartamento-t1-amadora-aguas-livres-576ded7a-923e-11f0-a463-060000000052.html,T1,Usado,50.0,205000.0,,,4100.0,"Águas Livres, Amadora, Distrito de Lisboa",
7,24,"Ver Apartamento T3 para comprar na Amadora, Águas Livres",https://casa.sapo.pt/comprar-apartamento-t3-amadora-aguas-livres-f45eb2bf-93ed-11f0-b3d3-060000000057.html,T3,Recuperado,110.0,349000.0,,,3172.73,"Águas Livres, Amadora, Distrito de Lisboa",
7,25,"Ver Apartamento para comprar na Amadora, Falagueira-Venda Nova",https://casa.sapo.pt/comprar-apartamento-t3-amadora-falagueira-venda-nova-74635366-5b4c-11f0-b3d3-060000000057.html,,95m²,,385000.0,,,,"Falagueira-Venda Nova, Amadora, Distrito de Lisboa",
8,1,"Ver Apartamento T3 para comprar na Amadora, Venteira",https://casa.sapo.pt/comprar-apartamento-t3-amadora-venteira-d64917b6-9228-11f0-8add-060000000054.html,T3,Usado,136.0,580000.0,,,4264.71,"Venteira, Amadora, Distrito de Lisboa",
8,2,"Ver Apartamento T2 para comprar na Amadora, Águas Livres",https://casa.sapo.pt/comprar-apartamento-t2-amadora-aguas-livres-8af91cd0-8f28-11f0-b3d3-060000000057.html,T2,Por recuperar,75.0,225000.0,,,3000.0,"Águas Livres, Amadora, Distrito de Lisboa",
8,3,"Ver Apartamento T2 Triplex para comprar na Amadora, Mina de Água",https://casa.sapo.pt/comprar-apartamento-t2-amadora-mina-de-agua-3d46611d-8f63-11f0-b3d3-060000000057.html,T2,55m²,,269000.0,,,,"Mina de Água, Amadora, Distrito de Lisboa",
8,4,"Ver Apartamento T2 para comprar na Amadora, Águas Livres",https://casa.sapo.pt/comprar-apartamento-t2-amadora-aguas-livres-3c69b48c-8e2a-11f0-8add-060000000054.html,T2,Usado,55.0,220000.0,,,4000.0,"Águas Livres, Amadora, Distrito de Lisboa",
8,5,"Ver Apartamento T1 para comprar / permutar na Amadora, Encosta do Sol, Alfornelos",https://casa.sapo.pt/comprar-permutar-apartamento-t1-amadora-encosta-do-sol-alfornelos-14ba9672-ac01-11ef-9e0e-060000000057.html,T1,Usado,52.0,195000.0,,,3750.0,"Alfornelos, Encosta do Sol, Amadora, Distrito de Lisboa",
8,6,"Ver Apartamento T1+2 para comprar na Amadora, Mina de Água, Mina",https://casa.sapo.pt/comprar-apartamento-t1-amadora-mina-de-agua-mina-6150e141-8742-11f0-8add-060000000054.html,T1,Renovado,60.0,289000.0,,,4816.67,"Mina, Mina de Água, Amadora, Distrito de Lisboa",
8,7,"Ver Apartamento T2 para comprar na Amadora, Mina de Água",https://casa.sapo.pt/comprar-apartamento-t2-amadora-mina-de-agua-87cad475-9602-11f0-8add-060000000054.html,T2,Usado,60.0,269000.0,,,4483.33,"Mina de Água, Amadora, Distrito de Lisboa",
8,8,"Ver Apartamento T2 para comprar na Amadora, Venteira",https://casa.sapo.pt/comprar-apartamento-t2-amadora-venteira-bac7bb85-0bc3-11f0-8add-060000000054.html,T2,Usado,107.0,380000.0,,,3551.4,"Venteira, Amadora, Distrito de Lisboa",
8,9,"Ver Apartamento T3 para comprar na Amadora, Mina de Água",https://casa.sapo.pt/comprar-apartamento-t3-amadora-mina-de-agua-5ef20634-8d67-11f0-8add-060000000054.html,T3,Usado,120.0,360000.0,,,3000.0,"Mina de Água, Amadora, Distrito de Lisboa",
8,10,"Ver Apartamento T4 para comprar na Amadora, Venteira",https://casa.sapo.pt/comprar-apartamento-t4-amadora-venteira-143309ea-9228-11f0-8add-060000000054.html,T4,Usado,179.0,760000.0,,,4245.81,"Venteira, Amadora, Distrito de Lisboa",
8,11,"Ver Apartamento T3 para comprar na Amadora, Águas Livres",https://casa.sapo.pt/comprar-apartamento-t3-amadora-aguas-livres-b6b4d054-1a27-11f0-8add-060000000054.html,T3,Usado,111.0,39500043500092.0,,,355856247748.58,"Águas Livres, Amadora, Distrito de Lisboa",
8,12,"Ver Apartamento T3 para comprar na Amadora, Águas Livres, Benfica",https://casa.sapo.pt/comprar-apartamento-t3-amadora-aguas-livres-benfica-1f0d20a9-9388-11f0-9e61-060000000056.html,T3,Usado,88.0,499900.0,,,5680.68,"Benfica, Águas Livres, Amadora, Distrito de Lisboa",
8,13,"Ver Apartamento T3 para comprar na Amadora, Mina de Água",https://casa.sapo.pt/comprar-apartamento-t3-amadora-mina-de-agua-2e232cb9-0556-11f0-8add-060000000054.html,T3,Usado,108.0,380000399000476.0,,,3518522212967.37,"Mina de Água, Amadora, Distrito de Lisboa",
8,14,"Ver Apartamento T3 para comprar na Amadora, Águas Livres",https://casa.sapo.pt/comprar-apartamento-t3-amadora-aguas-livres-01ef6b8c-7daa-11f0-b3d3-060000000057.html,T3,Recuperado,105.0,349000.0,,,3323.81,"Águas Livres, Amadora, Distrito de Lisboa",
8,15,"Ver Apartamento para comprar na Amadora, Águas Livres",https://casa.sapo.pt/comprar-apartamento-t2-amadora-aguas-livres-1d1ab379-5823-11f0-8add-060000000054.html,,Renovado,71.0,249000.0,,,3507.04,"Águas Livres, Amadora, Distrito de Lisboa",
8,16,"Ver Apartamento T2 para comprar na Amadora, Venteira",https://casa.sapo.pt/comprar-apartamento-t2-amadora-venteira-d76bd468-9227-11f0-8add-060000000054.html,T2,Usado,103.0,430000.0,,,4174.76,"Venteira, Amadora, Distrito de Lisboa",
8,17,"Ver Apartamento T3 para comprar na Amadora, Falagueira-Venda Nova",https://casa.sapo.pt/comprar-apartamento-t3-amadora-falagueira-venda-nova-cb0926a7-6c97-11f0-9e61-060000000056.html,T3,Renovado,90.0,385000.0,,,4277.78,"Falagueira-Venda Nova, Amadora, Distrito de Lisboa",
8,18,"Ver Apartamento T2 para comprar na Amadora, Venteira",https://casa.sapo.pt/comprar-apartamento-t2-amadora-venteira-7f32f595-9228-11f0-8add-060000000054.html,T2,Usado,104.0,430000.0,,,4134.62,"Venteira, Amadora, Distrito de Lisboa",
8,19,"Ver Apartamento T3 para comprar na Amadora, Águas Livres",https://casa.sapo.pt/comprar-apartamento-t3-amadora-aguas-livres-381cca6d-24fe-11f0-8add-060000000054.html,T3,Renovado,110.0,395000.0,,,3590.91,"Águas Livres, Amadora, Distrito de Lisboa",
8,20,"Ver Apartamento T1 para comprar na Amadora, Mina de Água",https://casa.sapo.pt/comprar-apartamento-t1-amadora-mina-de-agua-f58d37fa-3d4a-11f0-8359-060000000051.html,T1,Usado,54.0,230000.0,,,4259.26,"Mina de Água, Amadora, Distrito de Lisboa",
8,21,"Ver Apartamento T2 para comprar na Amadora, Venteira",https://casa.sapo.pt/comprar-apartamento-t2-amadora-venteira-26af9980-9227-11f0-8add-060000000054.html,T2,Usado,103.0,450000.0,,,4368.93,"Venteira, Amadora, Distrito de Lisboa",
8,22,"Ver Apartamento T2 para comprar na Amadora, Venteira",https://casa.sapo.pt/comprar-apartamento-t2-amadora-venteira-2d9c0004-57f3-11f0-8add-060000000054.html,T2,Usado,65.0,239000249000402.0,,,3676926907698.49,"Venteira, Amadora, Distrito de Lisboa",
8,23,"Ver Apartamento T2 para comprar na Amadora, Águas Livres",https://casa.sapo.pt/comprar-apartamento-t2-amadora-aguas-livres-d77914aa-908e-11f0-8add-060000000054.html,T2,Renovado,80.0,295000.0,,,3687.5,"Águas Livres, Amadora, Distrito de Lisboa",
8,24,"Ver Apartamento T3 para comprar na Amadora, Águas Livres",https://casa.sapo.pt/comprar-apartamento-t3-amadora-aguas-livres-c08a2971-9392-11f0-9e61-060000000056.html,T3,Usado,110.0,395000.0,,,3590.91,"Águas Livres, Amadora, Distrito de Lisboa",
8,25,"Ver Apartamento T2 para comprar na Amadora, Venteira",https://casa.sapo.pt/comprar-apartamento-t2-amadora-venteira-04ae1ff0-57fe-11f0-80d2-060000000058.html,T2,Usado,65.0,275000299000803.0,,,4230773830781.58,"Venteira, Amadora, Distrito de Lisboa",
9,1,"Ver Apartamento T2 para comprar na Amadora, Venteira",https://casa.sapo.pt/comprar-apartamento-t2-amadora-venteira-5679e8b0-9228-11f0-8add-060000000054.html,T2,Usado,107.0,460000.0,,,4299.07,"Venteira, Amadora, Distrito de Lisboa",
9,2,"Ver Apartamento T3 Triplex para comprar na Amadora, Mina de Água",https://casa.sapo.pt/comprar-apartamento-t3-amadora-mina-de-agua-341e05c0-e3eb-11ef-8add-060000000054.html,T3,Novo,136.0,505000.0,,,3713.24,"Mina de Água, Amadora, Distrito de Lisboa",
9,3,"Ver Apartamento T2 para comprar na Amadora, Falagueira-Venda Nova",https://casa.sapo.pt/comprar-apartamento-t2-amadora-falagueira-venda-nova-b4b9704e-6896-11f0-9e61-060000000056.html,T2,Usado,70.0,279000.0,,,3985.71,"Falagueira-Venda Nova, Amadora, Distrito de Lisboa",
9,4,"Ver Apartamento para comprar na Amadora, Águas Livres",https://casa.sapo.pt/comprar-apartamento-t3-amadora-aguas-livres-638c1868-6753-11f0-8add-060000000054.html,,Usado,98.0,349000.0,,,3561.22,"Águas Livres, Amadora, Distrito de Lisboa",
9,5,"Ver Apartamento T2 para comprar na Amadora, Mina de Água, Mina",https://casa.sapo.pt/comprar-apartamento-t2-amadora-mina-de-agua-mina-f9b48080-8740-11f0-8add-060000000054.html,T2,Renovado,60.0,269000.0,,,4483.33,"Mina, Mina de Água, Amadora, Distrito de Lisboa",
9,6,"Ver Apartamento T3 para comprar na Amadora, Venteira",https://casa.sapo.pt/comprar-apartamento-t3-amadora-venteira-081a9b9e-e6ce-11ef-8359-060000000051.html,T3,Em construção,140.0,485000.0,,,3464.29,"Venteira, Amadora, Distrito de Lisboa",
9,7,"Ver Apartamento para comprar na Amadora, Águas Livres, Buraca",https://casa.sapo.pt/comprar-apartamento-t2-amadora-aguas-livres-buraca-f3bef4cb-5c18-11f0-8add-060000000054.html,,Renovado,68.0,269000.0,,,3955.88,"Buraca, Águas Livres, Amadora, Distrito de Lisboa",
9,8,"Ver Apartamento T2 para comprar na Amadora, Venteira",https://casa.sapo.pt/comprar-apartamento-t2-amadora-venteira-baaf2e8e-9227-11f0-8add-060000000054.html,T2,Usado,137.0,540000.0,,,3941.61,"Venteira, Amadora, Distrito de Lisboa",
9,9,"Ver Apartamento T2 para comprar na Amadora, Venteira",https://casa.sapo.pt/comprar-apartamento-t2-amadora-venteira-fd87cef1-8d84-11f0-b3d3-060000000057.html,T2,Renovado,77.0,295000.0,,,3831.17,"Venteira, Amadora, Distrito de Lisboa",
9,10,"Ver Apartamento T4 para comprar na Amadora, Venteira",https://casa.sapo.pt/comprar-apartamento-t4-amadora-venteira-e3ccacce-9227-11f0-8add-060000000054.html,T4,Usado,165.0,640000.0,,,3878.79,"Venteira, Amadora, Distrito de Lisboa",
9,11,"Ver Apartamento para comprar na Amadora, Falagueira-Venda Nova",https://casa.sapo.pt/comprar-apartamento-t2-amadora-falagueira-venda-nova-bf41ba72-25c2-11f0-8add-060000000054.html,,Novo,69.0,319000.0,,,4623.19,"Falagueira-Venda Nova, Amadora, Distrito de Lisboa",
9,12,"Ver Apartamento T1 para comprar na Amadora, Águas Livres",https://casa.sapo.pt/comprar-apartamento-t1-amadora-aguas-livres-5929280f-93a3-11f0-8add-060000000054.html,T1,Usado,42.0,210000.0,,,5000.0,"Águas Livres, Amadora, Distrito de Lisboa",
9,13,"Ver Apartamento T4 para comprar na Amadora, Venteira",https://casa.sapo.pt/comprar-apartamento-t4-amadora-venteira-4be52227-9228-11f0-8add-060000000054.html,T4,Usado,168.0,645000.0,,,3839.29,"Venteira, Amadora, Distrito de Lisboa",
9,14,"Ver Apartamento T2 para comprar na Amadora, Venteira",https://casa.sapo.pt/comprar-apartamento-t2-amadora-venteira-4d62d9f3-06e9-11f0-9e61-060000000056.html,T2,Em construção,96.0,380000.0,,,3958.33,"Venteira, Amadora, Distrito de Lisboa",
9,15,"Ver Apartamento T3 para comprar na Amadora, Serra de Carnaxide (Venteira)",https://casa.sapo.pt/comprar-apartamento-t3-amadora-serra-de-carnaxide-(venteira)-5557a5e3-3279-11f0-a2bc-060000000058.html,T3,Novo,1.0,485000.0,,,485000.0,"Serra de Carnaxide (Venteira), Amadora, Distrito de Lisboa",
9,16,"Ver Apartamento T3 para comprar na Amadora, Mina de Água",https://casa.sapo.pt/comprar-apartamento-t3-amadora-mina-de-agua-316d021d-6efe-11f0-b3d3-060000000057.html,T3,Recuperado,60.0,289000.0,,,4816.67,"Mina de Água, Amadora, Distrito de Lisboa",
9,17,"Ver Apartamento T2 para comprar na Amadora, Venteira",https://casa.sapo.pt/comprar-apartamento-t2-amadora-venteira-14d5e1cd-06e9-11f0-9e61-060000000056.html,T2,Em construção,119.0,400000.0,,,3361.34,"Venteira, Amadora, Distrito de Lisboa",
9,18,"Ver Apartamento T2 para comprar na Amadora, Venteira",https://casa.sapo.pt/comprar-apartamento-t2-amadora-venteira-7a258f7f-9256-11f0-8359-060000000051.html,T2,Usado,77.0,260000.0,,,3376.62,"Venteira, Amadora, Distrito de Lisboa",
9,19,"Ver Apartamento T2 para comprar na Amadora, Venteira",https://casa.sapo.pt/comprar-apartamento-t2-amadora-venteira-332e415c-0bc2-11f0-8add-060000000054.html,T2,Novo,89.0,385000.0,,,4325.84,"Venteira, Amadora, Distrito de Lisboa",
9,20,"Ver Apartamento para comprar na Amadora, Falagueira-Venda Nova",https://casa.sapo.pt/comprar-apartamento-t2-amadora-falagueira-venda-nova-6798859a-6653-11f0-8add-060000000054.html,,Renovado,80.0,279000.0,,,3487.5,"Falagueira-Venda Nova, Amadora, Distrito de Lisboa",
9,21,"Ver Apartamento T1 para comprar na Amadora, Falagueira-Venda Nova",https://casa.sapo.pt/comprar-apartamento-t1-amadora-falagueira-venda-nova-3952b8af-7f53-11f0-8add-060000000054.html,T1,Novo,53.0,259000.0,,,4886.79,"Falagueira-Venda Nova, Amadora, Distrito de Lisboa",
9,22,"Ver Apartamento T2 para comprar na Amadora, Mina de Água, Centro (Mina)",https://casa.sapo.pt/comprar-apartamento-t2-amadora-mina-de-agua-centro-(mina)-63f7616c-94b1-11f0-9e61-060000000056.html,T2,Renovado,65.0,289000.0,,,4446.15,"Centro (Mina), Mina de Água, Amadora, Distrito de Lisboa",
9,23,"Ver Apartamento T0 para comprar na Amadora, Águas Livres",https://casa.sapo.pt/comprar-apartamento-t0-amadora-aguas-livres-ecd895b1-2bcf-11f0-9e61-060000000056.html,T0,Usado,25.0,174000.0,,,6960.0,"Águas Livres, Amadora, Distrito de Lisboa",
9,24,"Ver Apartamento T3 para comprar na Amadora, Águas Livres",https://casa.sapo.pt/comprar-apartamento-t3-amadora-aguas-livres-3f489144-ce51-11ef-9e61-060000000056.html,T3,Usado,140.0,460000.0,,,3285.71,"Águas Livres, Amadora, Distrito de Lisboa",
9,25,"Ver Apartamento T1+1 para comprar na Amadora, Águas Livres",https://casa.sapo.pt/comprar-apartamento-t1-amadora-aguas-livres-9bf2b843-3bf9-4030-ad4c-70d59da84603.html,T1,Usado,54.0,249000.0,,,4611.11,"Águas Livres, Amadora, Distrito de Lisboa",
10,1,"Ver Apartamento T2 para comprar na Amadora, Venteira",https://casa.sapo.pt/comprar-apartamento-t2-amadora-venteira-6ddaa677-8450-11f0-8add-060000000054.html,T2,Usado,80.0,289900.0,,,3623.75,"Venteira, Amadora, Distrito de Lisboa",
10,2,"Ver Apartamento T2 para comprar / alugar na Amadora, Mina de Água, Bairro da Mina (Mina)",https://casa.sapo.pt/comprar-alugar-apartamento-t2-amadora-mina-de-agua-bairro-da-mina-(mina)-9440fa61-ddab-11ef-8359-060000000051.html,T2,Usado,70.0,2100001200.0,,,30000017.14,"Bairro da Mina (Mina), Mina de Água, Amadora, Distrito de Lisboa",
10,3,"Ver Apartamento T3 Triplex para comprar na Amadora, Mina de Água",https://casa.sapo.pt/comprar-apartamento-t3-amadora-mina-de-agua-adb8e49b-e3ed-11ef-8add-060000000054.html,T3,Novo,120.0,440000.0,,,3666.67,"Mina de Água, Amadora, Distrito de Lisboa",
10,4,"Ver Apartamento T3 para comprar na Amadora, Mina de Água",https://casa.sapo.pt/comprar-apartamento-t3-amadora-mina-de-agua-060babe6-8e27-11f0-8add-060000000054.html,T3,Usado,102.0,240000.0,,,2352.94,"Mina de Água, Amadora, Distrito de Lisboa",
10,5,"Ver Apartamento T2 para comprar na Amadora, Mina de Água",https://casa.sapo.pt/comprar-apartamento-t2-amadora-mina-de-agua-ba16a22a-87dd-11f0-9e61-060000000056.html,T2,Usado,67.0,220000.0,,,3283.58,"Mina de Água, Amadora, Distrito de Lisboa",
10,6,"Ver Apartamento T2 para comprar na Amadora, Encosta do Sol",https://casa.sapo.pt/comprar-apartamento-t2-amadora-encosta-do-sol-497b9336-52ae-11f0-8359-060000000051.html,T2,Usado,75.0,298000.0,,,3973.33,"Encosta do Sol, Amadora, Distrito de Lisboa",
10,7,"Ver Apartamento T4 para comprar na Amadora, Venteira",https://casa.sapo.pt/comprar-apartamento-t4-amadora-venteira-89509360-9228-11f0-8add-060000000054.html,T4,Usado,168.0,635000.0,,,3779.76,"Venteira, Amadora, Distrito de Lisboa",
10,8,"Ver Apartamento T3 para comprar na Amadora, Venteira",https://casa.sapo.pt/comprar-apartamento-t3-amadora-venteira-e748bef6-3a4b-11f0-8add-060000000054.html,T3,Usado,90.0,297000.0,,,3300.0,"Venteira, Amadora, Distrito de Lisboa",
10,9,"Ver Apartamento T2 para comprar na Amadora, Mina de Água",https://casa.sapo.pt/comprar-apartamento-t2-amadora-mina-de-agua-a1a548ac-8421-11f0-a463-060000000052.html,T2,Recuperado,55.0,269000.0,,,4890.91,"Mina de Água, Amadora, Distrito de Lisboa",
10,10,"Ver Apartamento T2 para comprar na Amadora, Venteira",https://casa.sapo.pt/comprar-apartamento-t2-amadora-venteira-91b36cd7-9227-11f0-8add-060000000054.html,T2,Usado,103.0,440000.0,,,4271.84,"Venteira, Amadora, Distrito de Lisboa",
10,11,"Ver Apartamento T3 para comprar na Amadora, Falagueira-Venda Nova",https://casa.sapo.pt/comprar-apartamento-t3-amadora-falagueira-venda-nova-9f2ed207-57d4-11f0-b3d3-060000000057.html,T3,Usado,100.0,339000.0,,,3390.0,"Falagueira-Venda Nova, Amadora, Distrito de Lisboa",
10,12,"Ver Apartamento T1 para comprar na Amadora, Falagueira-Venda Nova",https://casa.sapo.pt/comprar-apartamento-t1-amadora-falagueira-venda-nova-bb231461-6f62-11f0-b3d3-060000000057.html,T1,Usado,58.0,220000.0,,,3793.1,"Falagueira-Venda Nova, Amadora, Distrito de Lisboa",
10,13,"Ver Apartamento T1 para comprar na Amadora, Mina de Água",https://casa.sapo.pt/comprar-apartamento-t1-amadora-mina-de-agua-535a1201-58b7-11f0-8add-060000000054.html,T1,Usado,25.0,1450001650001212.0,,,58000066000048.48,"Mina de Água, Amadora, Distrito de Lisboa",
10,14,"Ver Apartamento T3 para comprar na Amadora, Venteira",https://casa.sapo.pt/comprar-apartamento-t3-amadora-venteira-6b5cabaa-9228-11f0-8add-060000000054.html,T3,Usado,138.0,540000.0,,,3913.04,"Venteira, Amadora, Distrito de Lisboa",
10,15,"Ver Apartamento T3 para comprar na Amadora, Venteira",https://casa.sapo.pt/comprar-apartamento-t3-amadora-venteira-a477fecb-9307-11f0-9e61-060000000056.html,T3,Usado,75.0,249000.0,,,3320.0,"Venteira, Amadora, Distrito de Lisboa",
10,16,"Ver Apartamento T3 para comprar na Amadora, Águas Livres",https://casa.sapo.pt/comprar-apartamento-t3-amadora-aguas-livres-64b26b47-1939-11f0-9e61-060000000056.html,T3,Por recuperar,87.0,290000299000301.0,,,3333336770118.4,"Águas Livres, Amadora, Distrito de Lisboa",
10,17,"Ver Apartamento T2 para comprar na Amadora, Encosta do Sol",https://casa.sapo.pt/comprar-apartamento-t2-amadora-encosta-do-sol-3ed2446c-72cf-11f0-b3d3-060000000057.html,T2,Por recuperar,72.0,154000.0,,,2138.89,"Encosta do Sol, Amadora, Distrito de Lisboa",
10,18,"Ver Apartamento T3 para comprar na Amadora, Águas Livres",https://casa.sapo.pt/comprar-apartamento-t3-amadora-aguas-livres-c3a50031-0650-11f0-8add-060000000054.html,T3,Novo,118.0,515000.0,,,4364.41,"Águas Livres, Amadora, Distrito de Lisboa",
10,19,"Ver Apartamento T2 para comprar na Amadora, Serra de Carnaxide (Venteira)",https://casa.sapo.pt/comprar-apartamento-t2-amadora-serra-de-carnaxide-(venteira)-10467e28-327a-11f0-a2bc-060000000058.html,T2,Novo,1.0,430000.0,,,430000.0,"Serra de Carnaxide (Venteira), Amadora, Distrito de Lisboa",
10,20,"Ver Apartamento T2 para comprar na Amadora, Centro (Venteira)",https://casa.sapo.pt/comprar-apartamento-t2-amadora-centro-(venteira)-a0f95c55-0457-11f0-9e61-060000000056.html,T2,Renovado,51.0,240000.0,,,4705.88,"Centro (Venteira), Amadora, Distrito de Lisboa",
10,21,"Ver Apartamento T2 para comprar na Amadora, Venteira",https://casa.sapo.pt/comprar-apartamento-t2-amadora-venteira-cfce0625-63ca-11f0-9e61-060000000056.html,T2,Usado,56.0,220000.0,,,3928.57,"Venteira, Amadora, Distrito de Lisboa",
10,22,"Ver Apartamento T2 para comprar na Amadora, Mina de Água, A-da-Beja (Mina)",https://casa.sapo.pt/comprar-apartamento-t2-amadora-mina-de-agua-a-da-beja-(mina)-667895ca-69ea-11f0-9e61-060000000056.html,T2,Usado,60.0,289000.0,,,4816.67,"A-da-Beja (Mina), Mina de Água, Amadora, Distrito de Lisboa",
10,23,"Ver Apartamento T4 para comprar na Amadora, Venteira",https://casa.sapo.pt/comprar-apartamento-t4-amadora-venteira-20213a89-9228-11f0-8add-060000000054.html,T4,Usado,194.0,760000.0,,,3917.53,"Venteira, Amadora, Distrito de Lisboa",
10,24,"Ver Apartamento T3 para comprar na Amadora, Águas Livres",https://casa.sapo.pt/comprar-apartamento-t3-amadora-aguas-livres-7150e5d8-8a1d-11f0-8359-060000000051.html,T3,Usado,92.0,280000.0,,,3043.48,"Águas Livres, Amadora, Distrito de Lisboa",
10,25,"Ver Apartamento T3+1 para comprar na Amadora, Águas Livres",https://casa.sapo.pt/comprar-apartamento-t3-amadora-aguas-livres-e511e468-48f4-11f0-8add-060000000054.html,T3,Renovado,51.0,340000.0,,,6666.67,"Águas Livres, Amadora, Distrito de Lisboa",
11,1,"Ver Apartamento T2 para comprar na Amadora, Venteira",https://casa.sapo.pt/comprar-apartamento-t2-amadora-venteira-429115f6-9228-11f0-8add-060000000054.html,T2,Usado,104.0,440000.0,,,4230.77,"Venteira, Amadora, Distrito de Lisboa",
11,2,"Ver Apartamento T3 para comprar na Amadora, Mina de Água",https://casa.sapo.pt/comprar-apartamento-t3-amadora-mina-de-agua-facd08c7-8ea4-11f0-a463-060000000052.html,T3,Recuperado,60.0,289000.0,,,4816.67,"Mina de Água, Amadora, Distrito de Lisboa",
11,3,"Ver Apartamento T3 para comprar na Amadora, Venteira",https://casa.sapo.pt/comprar-apartamento-t3-amadora-venteira-50348e1a-1206-11f0-8add-060000000054.html,T3,Usado,110.0,435000.0,,,3954.55,"Venteira, Amadora, Distrito de Lisboa",
11,4,"Ver Apartamento T4 para comprar na Amadora, Venteira",https://casa.sapo.pt/comprar-apartamento-t4-amadora-venteira-a0624851-9227-11f0-8add-060000000054.html,T4,Usado,165.0,650000.0,,,3939.39,"Venteira, Amadora, Distrito de Lisboa",
11,5,"Ver Apartamento T4 para comprar na Amadora, Alfragide",https://casa.sapo.pt/comprar-apartamento-t4-amadora-alfragide-957aeace-2ad7-11ef-bf55-060000000056.html,T4,Usado,111.0,318000.0,,,2864.86,"Alfragide, Amadora, Distrito de Lisboa",
11,6,"Ver Apartamento T1 para comprar na Amadora, Águas Livres",https://casa.sapo.pt/comprar-apartamento-t1-amadora-aguas-livres-51e2d344-2ef3-11f0-8add-060000000054.html,T1,Usado,48.0,194000.0,,,4041.67,"Águas Livres, Amadora, Distrito de Lisboa",
11,7,"Ver Apartamento T3 para comprar na Amadora, Venteira",https://casa.sapo.pt/comprar-apartamento-t3-amadora-venteira-94d29214-9228-11f0-8add-060000000054.html,T3,Usado,136.0,590000.0,,,4338.24,"Venteira, Amadora, Distrito de Lisboa",
11,8,"Ver Apartamento T3 para comprar na Amadora, Águas Livres",https://casa.sapo.pt/comprar-apartamento-t3-amadora-aguas-livres-9430d23d-8338-11f0-b3d3-060000000057.html,T3,Recuperado,110.0,349000.0,,,3172.73,"Águas Livres, Amadora, Distrito de Lisboa",
11,9,"Ver Apartamento T1 para comprar na Amadora, Venteira",https://casa.sapo.pt/comprar-apartamento-t1-amadora-venteira-d31bd194-3de3-11f0-8add-060000000054.html,T1,Usado,48.0,194000.0,,,4041.67,"Venteira, Amadora, Distrito de Lisboa",
11,10,"Ver Apartamento T2 para comprar na Amadora, Mina de Água",https://casa.sapo.pt/comprar-apartamento-t2-amadora-mina-de-agua-4f52740a-960e-11f0-b3d3-060000000057.html,T2,Renovado,75.0,282000.0,,,3760.0,"Mina de Água, Amadora, Distrito de Lisboa",
11,11,"Ver Apartamento T2 Triplex para comprar na Amadora, Falagueira-Venda Nova",https://casa.sapo.pt/comprar-apartamento-t2-amadora-falagueira-venda-nova-19aeb056-4e9e-11f0-8add-060000000054.html,T2,Usado,78.0,279000.0,,,3576.92,"Falagueira-Venda Nova, Amadora, Distrito de Lisboa",
11,12,"Ver Apartamento para comprar na Amadora, Águas Livres",https://casa.sapo.pt/comprar-apartamento-t2-amadora-aguas-livres-ed48b037-58e1-11f0-8add-060000000054.html,,Recuperado,68.0,269000.0,,,3955.88,"Águas Livres, Amadora, Distrito de Lisboa",
11,13,"Ver Apartamento T0 para comprar na Amadora, Alfragide",https://casa.sapo.pt/comprar-apartamento-t0-amadora-alfragide-ef89cc00-8ae4-11f0-b3d3-060000000057.html,T0,Usado,12720.0,10500000.0,,,825.47,"Alfragide, Amadora, Distrito de Lisboa",
11,14,"Ver Apartamento T3 para comprar na Amadora, Venteira",https://casa.sapo.pt/comprar-apartamento-t3-amadora-venteira-99061027-2506-11f0-8add-060000000054.html,T3,Usado,126.0,460000.0,,,3650.79,"Venteira, Amadora, Distrito de Lisboa",
11,15,"Ver Apartamento T3 para comprar na Amadora, Venteira",https://casa.sapo.pt/comprar-apartamento-t3-amadora-venteira-b1b2b7e1-9228-11f0-8add-060000000054.html,T3,Usado,138.0,530000.0,,,3840.58,"Venteira, Amadora, Distrito de Lisboa",
11,16,"Ver Apartamento T2+1 para comprar na Amadora, Falagueira-Venda Nova",https://casa.sapo.pt/comprar-apartamento-t2-amadora-falagueira-venda-nova-b6e19562-4e76-11f0-8add-060000000054.html,T2,Recuperado,85.0,295000.0,,,3470.59,"Falagueira-Venda Nova, Amadora, Distrito de Lisboa",
11,17,"Ver Apartamento T3 para comprar na Amadora, Mina de Água",https://casa.sapo.pt/comprar-apartamento-t3-amadora-mina-de-agua-4726587e-8889-11f0-8359-060000000051.html,T3,Usado,96.0,285000.0,,,2968.75,"Mina de Água, Amadora, Distrito de Lisboa",
11,18,"Ver Apartamento T3 para comprar na Amadora, Águas Livres",https://casa.sapo.pt/comprar-apartamento-t3-amadora-aguas-livres-cc603144-3bb9-11f0-9e61-060000000056.html,T3,Usado,88.0,385000.0,,,4375.0,"Águas Livres, Amadora, Distrito de Lisboa",
11,19,"Ver Apartamento T2 para comprar na Amadora, Falagueira-Venda Nova",https://casa.sapo.pt/comprar-apartamento-t2-amadora-falagueira-venda-nova-7ddb17a9-10bb-11f0-8add-060000000054.html,T2,Recuperado,88.0,269000.0,,,3056.82,"Falagueira-Venda Nova, Amadora, Distrito de Lisboa",
11,20,"Ver Apartamento T2 para comprar na Amadora, Águas Livres",https://casa.sapo.pt/comprar-apartamento-t2-amadora-aguas-livres-ea0a5a19-9106-11ef-9e61-060000000056.html,T2,Usado,65.0,229000.0,,,3523.08,"Águas Livres, Amadora, Distrito de Lisboa",
11,21,"Ver Apartamento T3 para comprar na Amadora, Venteira",https://casa.sapo.pt/comprar-apartamento-t3-amadora-venteira-ca02756f-9227-11f0-8add-060000000054.html,T3,Usado,135.0,595000.0,,,4407.41,"Venteira, Amadora, Distrito de Lisboa",
11,22,"Ver Apartamento T2 para comprar na Amadora, Venteira",https://casa.sapo.pt/comprar-apartamento-t2-amadora-venteira-8cb440d2-1135-11f0-8359-060000000051.html,T2,Em construção,107.0,385000.0,,,3598.13,"Venteira, Amadora, Distrito de Lisboa",
11,23,"Ver Apartamento T1 para comprar na Amadora, Águas Livres",https://casa.sapo.pt/comprar-apartamento-t1-amadora-aguas-livres-5457d370-ff0d-11ef-8add-060000000054.html,T1,Usado,50.0,279000285000211.0,,,5580005700004.22,"Águas Livres, Amadora, Distrito de Lisboa",
11,24,"Ver Apartamento T2 para comprar na Amadora, Encosta do Sol",https://casa.sapo.pt/comprar-apartamento-t2-amadora-encosta-do-sol-3e3fd719-4b6d-11f0-b3d3-060000000057.html,T2,Renovado,90.0,365000.0,,,4055.56,"Encosta do Sol, Amadora, Distrito de Lisboa",
11,25,"Ver Apartamento T2 para comprar na Amadora, Serra de Carnaxide (Venteira)",https://casa.sapo.pt/comprar-apartamento-t2-amadora-serra-de-carnaxide-(venteira)-7e55d543-94a4-11f0-b6a1-060000000058.html,T2,Usado,1.0,450000.0,,,450000.0,"Serra de Carnaxide (Venteira), Amadora, Distrito de Lisboa",
12,1,"Ver Apartamento T3 para comprar na Amadora, Falagueira-Venda Nova",https://casa.sapo.pt/comprar-apartamento-t3-amadora-falagueira-venda-nova-75fd4fb4-4b9d-11f0-8359-060000000051.html,T3,Usado,99.0,419000430000256.0,,,4232327575760.16,"Falagueira-Venda Nova, Amadora, Distrito de Lisboa",
12,2,"Ver Apartamento T3 para comprar na Amadora, Mina de Água",https://casa.sapo.pt/comprar-apartamento-t3-amadora-mina-de-agua-26dbef84-d831-11ef-8359-060000000051.html,T3,Usado,90.0,310000.0,,,3444.44,"Mina de Água, Amadora, Distrito de Lisboa",
12,3,"Ver Apartamento T3 para comprar na Amadora, Mina de Água",https://casa.sapo.pt/comprar-apartamento-t3-amadora-mina-de-agua-7a19a40f-7f76-11f0-b3d3-060000000057.html,T3,Recuperado,60.0,289000.0,,,4816.67,"Mina de Água, Amadora, Distrito de Lisboa",
12,4,"Ver Apartamento T3 para comprar na Amadora, Venteira",https://casa.sapo.pt/comprar-apartamento-t3-amadora-venteira-1129022f-9227-11f0-8add-060000000054.html,T3,Usado,135.0,615000.0,,,4555.56,"Venteira, Amadora, Distrito de Lisboa",
12,5,"Ver Flat T1 para comprar na Amadora, Venteira",https://casa.sapo.pt/comprar-flat-t1-amadora-venteira-04239848-8976-11f0-9e61-060000000056.html,T1,Por recuperar,43.0,230000.0,,,5348.84,"Venteira, Amadora, Distrito de Lisboa",
12,6,"Ver Apartamento T2 para comprar na Amadora, Venteira",https://casa.sapo.pt/comprar-apartamento-t2-amadora-venteira-1b452dcb-95ad-11f0-a463-060000000052.html,T2,Novo,79.0,299000.0,,,3784.81,"Venteira, Amadora, Distrito de Lisboa",
12,7,"Ver Apartamento T3 para comprar na Amadora, Águas Livres",https://casa.sapo.pt/comprar-apartamento-t3-amadora-aguas-livres-a4acdd0e-001a-11f0-9e0e-060000000057.html,T3,Por recuperar,87.0,39500043500092.0,,,454023488506.8,"Águas Livres, Amadora, Distrito de Lisboa",
12,8,"Ver Apartamento T3 para comprar na Amadora, Venteira",https://casa.sapo.pt/comprar-apartamento-t3-amadora-venteira-b04454ec-3aed-11f0-8359-060000000051.html,T3,Usado,82.0,338500348500287.0,,,4128053030491.3,"Venteira, Amadora, Distrito de Lisboa",
12,9,"Ver Apartamento T4 Triplex para comprar na Amadora, Alfragide",https://casa.sapo.pt/comprar-apartamento-t4-amadora-alfragide-affc81e6-8fd8-11f0-b3d3-060000000057.html,T4,Usado,175.0,690000.0,,,3942.86,"Alfragide, Amadora, Distrito de Lisboa",
12,10,"Ver Apartamento T3 Triplex para comprar na Amadora, Mina de Água",https://casa.sapo.pt/comprar-apartamento-t3-amadora-mina-de-agua-7b21cbe1-3f98-11f0-8add-060000000054.html,T3,Novo,136.0,465000.0,,,3419.12,"Mina de Água, Amadora, Distrito de Lisboa",
12,11,"Ver Apartamento T3 para comprar na Amadora, Encosta do Sol",https://casa.sapo.pt/comprar-apartamento-t3-amadora-encosta-do-sol-e901a07b-6e30-11f0-8359-060000000051.html,T3,Usado,87.0,420000.0,,,4827.59,"Encosta do Sol, Amadora, Distrito de Lisboa",
12,12,"Ver Apartamento T3 para comprar na Amadora, Águas Livres",https://casa.sapo.pt/comprar-apartamento-t3-amadora-aguas-livres-14f6d5e4-4080-11ef-b4a9-060000000058.html,T3,Novo,125.0,455000.0,,,3640.0,"Águas Livres, Amadora, Distrito de Lisboa",
12,13,"Ver Apartamento T2 para comprar na Amadora, Falagueira-Venda Nova",https://casa.sapo.pt/comprar-apartamento-t2-amadora-falagueira-venda-nova-c2357b59-8a4a-11f0-8add-060000000054.html,T2,Usado,70.0,225000.0,,,3214.29,"Falagueira-Venda Nova, Amadora, Distrito de Lisboa",
12,14,"Ver Apartamento T4 para comprar na Amadora, Mina de Água",https://casa.sapo.pt/comprar-apartamento-t4-amadora-mina-de-agua-f93932ed-041e-11f0-9e0e-060000000057.html,T4,Renovado,125.0,390000.0,,,3120.0,"Mina de Água, Amadora, Distrito de Lisboa",
12,15,"Ver Apartamento T2 para comprar na Amadora, Mina de Água",https://casa.sapo.pt/comprar-apartamento-t2-amadora-mina-de-agua-3c211a81-7f77-11f0-b3d3-060000000057.html,T2,Recuperado,62.0,269000.0,,,4338.71,"Mina de Água, Amadora, Distrito de Lisboa",
12,16,"Ver Apartamento T2 para comprar na Amadora, CP (Venteira)",https://casa.sapo.pt/comprar-apartamento-t2-amadora-cp-(venteira)-4502bc2b-11b8-11e8-b1b9-00155d644623.html,T2,Recuperado,60.0,238000.0,,,3966.67,"CP (Venteira), Amadora, Distrito de Lisboa",
12,17,"Ver Apartamento T3 para comprar na Amadora, Águas Livres, Damaia",https://casa.sapo.pt/comprar-apartamento-t3-amadora-aguas-livres-damaia-2e7fdb9f-874d-11f0-8add-060000000054.html,T3,Renovado,110.0,349000.0,,,3172.73,"Damaia, Águas Livres, Amadora, Distrito de Lisboa",
12,18,"Ver Apartamento T1 para comprar na Amadora, Venteira",https://casa.sapo.pt/comprar-apartamento-t1-amadora-venteira-c6705c7e-5dbd-11f0-80d2-060000000058.html,T1,Renovado,44.0,190000.0,,,4318.18,"Venteira, Amadora, Distrito de Lisboa",
12,19,"Ver Apartamento T2 para comprar na Amadora, Mina de Água, Serra da Mira (São Brás)",https://casa.sapo.pt/comprar-apartamento-t2-amadora-mina-de-agua-serra-da-mira-(sao-bras)-4a7d87ea-03ab-43f1-9778-f722518478ea.html,T2,Usado,94.0,330000.0,,,3510.64,"Serra da Mira (São Brás), Mina de Água, Amadora, Distrito de Lisboa",
12,20,"Ver Apartamento T2 para comprar / permutar na Amadora, Encosta do Sol, Colina do Sol (Alfornelos)",https://casa.sapo.pt/comprar-permutar-apartamento-t2-amadora-encosta-do-sol-colina-do-sol-(alfornelos)-79e44688-ac00-11ef-9e0e-060000000057.html,T2,Usado,84.0,225000.0,,,2678.57,"Colina do Sol (Alfornelos), Encosta do Sol, Amadora, Distrito de Lisboa",
12,21,"Ver Apartamento T2 para comprar na Amadora, Águas Livres",https://casa.sapo.pt/comprar-apartamento-t2-amadora-aguas-livres-69e29cf3-8388-11f0-9e61-060000000056.html,T2,Usado,75.0,280000.0,,,3733.33,"Águas Livres, Amadora, Distrito de Lisboa",
12,22,"Ver Apartamento T3 para comprar na Amadora, Venteira",https://casa.sapo.pt/comprar-apartamento-t3-amadora-venteira-c89ca6c4-4c2e-11f0-8add-060000000054.html,T3,Usado,110.0,415000.0,,,3772.73,"Venteira, Amadora, Distrito de Lisboa",
12,23,"Ver Apartamento T3 para comprar na Amadora, Venteira",https://casa.sapo.pt/comprar-apartamento-t3-amadora-venteira-8a961c0c-f2d7-11ef-9e0e-060000000057.html,T3,Novo,140.0,485000.0,,,3464.29,"Venteira, Amadora, Distrito de Lisboa",
12,24,"Ver Apartamento T2 para comprar na Amadora, Mina de Água, Centro (Mina)",https://casa.sapo.pt/comprar-apartamento-t2-amadora-mina-de-agua-centro-(mina)-5c968a8d-828e-11f0-8add-060000000054.html,T2,Renovado,50.0,254900.0,,,5098.0,"Centro (Mina), Mina de Água, Amadora, Distrito de Lisboa",
12,25,"Ver Apartamento T2 para comprar na Amadora, Venteira",https://casa.sapo.pt/comprar-apartamento-t2-amadora-venteira-573698d2-880f-11f0-b3d3-060000000057.html,T2,Usado,64.0,295000.0,,,4609.38,"Venteira, Amadora, Distrito de Lisboa",
13,1,"Ver Apartamento T2 para comprar na Amadora, Venteira",https://casa.sapo.pt/comprar-apartamento-t2-amadora-venteira-436a7553-9227-11f0-8add-060000000054.html,T2,Usado,103.0,470000.0,,,4563.11,"Venteira, Amadora, Distrito de Lisboa",
13,2,"Ver Apartamento T1+2 para comprar na Amadora, Águas Livres",https://casa.sapo.pt/comprar-apartamento-t1-amadora-aguas-livres-1b445560-7c60-11f0-b3d3-060000000057.html,T1,Renovado,54.0,249000.0,,,4611.11,"Águas Livres, Amadora, Distrito de Lisboa",
13,3,"Ver Apartamento T3 para comprar na Amadora, Venteira",https://casa.sapo.pt/comprar-apartamento-t3-amadora-venteira-f2d6be46-9228-11f0-8add-060000000054.html,T3,Usado,111.0,490000.0,,,4414.41,"Venteira, Amadora, Distrito de Lisboa",
13,4,"Ver Apartamento para comprar na Amadora, Venteira",https://casa.sapo.pt/comprar-apartamento-t6-ou-superior-amadora-venteira-501836a4-e481-11ef-8add-060000000054.html,,Usado,100.0,425000.0,,,4250.0,"Venteira, Amadora, Distrito de Lisboa",
13,5,"Ver Apartamento para comprar na Amadora, Águas Livres",https://casa.sapo.pt/comprar-apartamento-t2-amadora-aguas-livres-643ac88d-6799-11f0-8add-060000000054.html,,Usado,68.0,269000.0,,,3955.88,"Águas Livres, Amadora, Distrito de Lisboa",
13,6,"Ver Apartamento T2 para comprar na Amadora, Mina de Água",https://casa.sapo.pt/comprar-apartamento-t2-amadora-mina-de-agua-e2a7314f-4ad3-11f0-8359-060000000051.html,T2,Usado,74.0,245000.0,,,3310.81,"Mina de Água, Amadora, Distrito de Lisboa",
13,7,"Ver Apartamento T3 para comprar na Amadora, Venteira",https://casa.sapo.pt/comprar-apartamento-t3-amadora-venteira-cce82796-73e2-11f0-8359-060000000051.html,T3,Renovado,106.0,349000.0,,,3292.45,"Venteira, Amadora, Distrito de Lisboa",
13,8,"Ver Apartamento T2 para comprar na Amadora, Venteira",https://casa.sapo.pt/comprar-apartamento-t2-amadora-venteira-216cf7a6-5c94-11f0-9e61-060000000056.html,T2,Usado,55.0,260000.0,,,4727.27,"Venteira, Amadora, Distrito de Lisboa",
13,9,"Ver Apartamento T4 para comprar na Amadora, Venteira",https://casa.sapo.pt/comprar-apartamento-t4-amadora-venteira-360096f2-9227-11f0-8add-060000000054.html,T4,Usado,165.0,660000.0,,,4000.0,"Venteira, Amadora, Distrito de Lisboa",
13,10,"Ver Apartamento T4 para comprar na Amadora, Alfragide",https://casa.sapo.pt/comprar-apartamento-t4-amadora-alfragide-72aa7f8d-8419-11f0-8add-060000000054.html,T4,Usado,90.0,325000.0,,,3611.11,"Alfragide, Amadora, Distrito de Lisboa",
13,11,"Ver Apartamento T1 Triplex para comprar na Amadora, Mina de Água",https://casa.sapo.pt/comprar-apartamento-t1-amadora-mina-de-agua-dd0e79b9-8f32-11f0-b3d3-060000000057.html,T1,60m²,,289000.0,,,,"Mina de Água, Amadora, Distrito de Lisboa",
13,12,"Ver Apartamento T2 para comprar na Amadora, Águas Livres",https://casa.sapo.pt/comprar-apartamento-t2-amadora-aguas-livres-484b32c4-95be-11ef-9e61-060000000056.html,T2,Usado,63.0,140000.0,,,2222.22,"Águas Livres, Amadora, Distrito de Lisboa",
13,13,"Ver Apartamento T2 para comprar na Amadora, Venteira",https://casa.sapo.pt/comprar-apartamento-t2-amadora-venteira-68b0b14e-9227-11f0-8add-060000000054.html,T2,Usado,103.0,440000.0,,,4271.84,"Venteira, Amadora, Distrito de Lisboa",
13,14,"Ver Apartamento T2 para comprar na Amadora, Mina de Água",https://casa.sapo.pt/comprar-apartamento-t2-amadora-mina-de-agua-39b87557-4063-11f0-80d2-060000000058.html,T2,Usado,83.0,207000.0,,,2493.98,"Mina de Água, Amadora, Distrito de Lisboa",
13,15,"Ver Apartamento T2 para comprar na Amadora, Falagueira-Venda Nova",https://casa.sapo.pt/comprar-apartamento-t2-amadora-falagueira-venda-nova-4d360c0d-931f-11f0-8359-060000000051.html,T2,Usado,60.0,240000.0,,,4000.0,"Falagueira-Venda Nova, Amadora, Distrito de Lisboa",
13,16,"Ver Apartamento T3 para comprar na Amadora, Águas Livres",https://casa.sapo.pt/comprar-apartamento-t3-amadora-aguas-livres-24a1519c-7f25-11f0-8add-060000000054.html,T3,Usado,100.0,359000.0,,,3590.0,"Águas Livres, Amadora, Distrito de Lisboa",
13,17,"Ver Apartamento para comprar na Amadora, Falagueira-Venda Nova",https://casa.sapo.pt/comprar-apartamento-t2-amadora-falagueira-venda-nova-05d5dea3-648a-11f0-8add-060000000054.html,,Renovado,78.0,279000.0,,,3576.92,"Falagueira-Venda Nova, Amadora, Distrito de Lisboa",
13,18,"Ver Apartamento T3 para comprar na Amadora, Mina de Água",https://casa.sapo.pt/comprar-apartamento-t3-amadora-mina-de-agua-83b2dfa5-4c2f-11f0-8add-060000000054.html,T3,Recuperado,94.0,329000.0,,,3500.0,"Mina de Água, Amadora, Distrito de Lisboa",
13,19,"Ver Apartamento T2 para comprar na Amadora, Águas Livres",https://casa.sapo.pt/comprar-apartamento-t2-amadora-aguas-livres-a5467d0c-8db4-11f0-8add-060000000054.html,T2,Usado,68.0,200000.0,,,2941.18,"Águas Livres, Amadora, Distrito de Lisboa",
13,20,"Ver Apartamento T4 para comprar na Amadora, Mina de Água",https://casa.sapo.pt/comprar-apartamento-t4-amadora-mina-de-agua-5ccf25f8-3626-11f0-8add-060000000054.html,T4,Usado,118.0,275000.0,,,2330.51,"Mina de Água, Amadora, Distrito de Lisboa",
13,21,"Ver Apartamento T3 para comprar na Amadora, Venteira",https://casa.sapo.pt/comprar-apartamento-t3-amadora-venteira-6b22d73d-fca5-11ed-aeeb-060000000051.html,T3,Usado,137.0,295000.0,,,2153.28,"Venteira, Amadora, Distrito de Lisboa",
13,22,"Ver Apartamento para comprar na Amadora, Venteira",https://casa.sapo.pt/comprar-apartamento-amadora-venteira-fa60857c-1f60-11f0-9e0e-060000000057.html,,Recuperado,87.0,147500.0,,,1695.4,"Venteira, Amadora, Distrito de Lisboa",
13,23,"Ver Apartamento T2 para comprar na Amadora, Venteira",https://casa.sapo.pt/comprar-apartamento-t2-amadora-venteira-cb7b4574-9228-11f0-8add-060000000054.html,T2,Usado,104.0,420000.0,,,4038.46,"Venteira, Amadora, Distrito de Lisboa",
13,24,"Ver Apartamento T2 Triplex para comprar na Amadora, Encosta do Sol, Brandoa",https://casa.sapo.pt/comprar-apartamento-t2-amadora-encosta-do-sol-brandoa-1d124e2c-83f2-11f0-8359-060000000051.html,T2,Usado,60.0,265000.0,,,4416.67,"Brandoa, Encosta do Sol, Amadora, Distrito de Lisboa",
13,25,"Ver Apartamento T2 para comprar na Amadora, Águas Livres",https://casa.sapo.pt/comprar-apartamento-t2-amadora-aguas-livres-a0f0d3c6-e976-11ef-8add-060000000054.html,T2,Recuperado,98.0,295000.0,,,3010.2,"Águas Livres, Amadora, Distrito de Lisboa",
14,1,"Ver Apartamento T2 para comprar na Amadora, Águas Livres, Reboleira",https://casa.sapo.pt/comprar-apartamento-t2-amadora-aguas-livres-reboleira-440c3fd1-9483-11f0-8add-060000000054.html,T2,Renovado,80.0,280000.0,,,3500.0,"Reboleira, Águas Livres, Amadora, Distrito de Lisboa",
14,2,"Ver Apartamento T2+1 para comprar na Amadora, Águas Livres",https://casa.sapo.pt/comprar-apartamento-t2-amadora-aguas-livres-cea4ebf0-4e79-11f0-8add-060000000054.html,T2,Recuperado,90.0,295000.0,,,3277.78,"Águas Livres, Amadora, Distrito de Lisboa",
14,3,"Ver Apartamento T2 para comprar na Amadora, Águas Livres",https://casa.sapo.pt/comprar-apartamento-t2-amadora-aguas-livres-071f1ab6-919a-11ed-91bc-060000000057.html,T2,Renovado,73.0,260000.0,,,3561.64,"Águas Livres, Amadora, Distrito de Lisboa",
14,4,"Ver Apartamento T3 para comprar na Amadora, Venteira",https://casa.sapo.pt/comprar-apartamento-t3-amadora-venteira-5cf76d9c-9227-11f0-8add-060000000054.html,T3,Usado,135.0,605000.0,,,4481.48,"Venteira, Amadora, Distrito de Lisboa",
14,5,"Ver Apartamento T2 para comprar na Amadora, Mina de Água",https://casa.sapo.pt/comprar-apartamento-t2-amadora-mina-de-agua-06c3094f-00da-41c0-92e2-ab1bb23efa55.html,T2,Usado,61.0,269000.0,,,4409.84,"Mina de Água, Amadora, Distrito de Lisboa",
14,6,"Ver Apartamento T3 para comprar na Amadora, Venteira",https://casa.sapo.pt/comprar-apartamento-t3-amadora-venteira-7d38164a-7cde-11f0-9e61-060000000056.html,T3,Usado,77.0,285000.0,,,3701.3,"Venteira, Amadora, Distrito de Lisboa",
14,7,"Ver Apartamento T2 para comprar na Amadora, Falagueira-Venda Nova",https://casa.sapo.pt/comprar-apartamento-t2-amadora-falagueira-venda-nova-b9d96da6-4519-11f0-8add-060000000054.html,T2,Usado,69.0,250000.0,,,3623.19,"Falagueira-Venda Nova, Amadora, Distrito de Lisboa",
14,8,"Ver Apartamento T3 para comprar na Amadora, Águas Livres",https://casa.sapo.pt/comprar-apartamento-t3-amadora-aguas-livres-0eea5162-922f-11f0-8add-060000000054.html,T3,Usado,90.0,295000.0,,,3277.78,"Águas Livres, Amadora, Distrito de Lisboa",
14,9,"Ver Apartamento T3 Triplex para comprar na Amadora, Mina de Água",https://casa.sapo.pt/comprar-apartamento-t3-amadora-mina-de-agua-d813f1ed-e3ed-11ef-8add-060000000054.html,T3,Novo,120.0,480000.0,,,4000.0,"Mina de Água, Amadora, Distrito de Lisboa",
14,10,"Ver Apartamento T2 para comprar na Amadora, Mina de Água",https://casa.sapo.pt/comprar-apartamento-t2-amadora-mina-de-agua-c5dbff25-6266-11f0-9e61-060000000056.html,T2,Em construção,95.0,365000.0,,,3842.11,"Mina de Água, Amadora, Distrito de Lisboa",
14,11,"Ver Apartamento T2 para comprar na Amadora, Falagueira-Venda Nova",https://casa.sapo.pt/comprar-apartamento-t2-amadora-falagueira-venda-nova-f4af6349-6e7b-11f0-a463-060000000052.html,T2,Recuperado,66.0,279000.0,,,4227.27,"Falagueira-Venda Nova, Amadora, Distrito de Lisboa",
14,12,"Ver Apartamento T2 para comprar na Amadora, Venteira",https://casa.sapo.pt/comprar-apartamento-t2-amadora-venteira-5723371e-0bc3-11f0-8add-060000000054.html,T2,Usado,132.0,430000.0,,,3257.58,"Venteira, Amadora, Distrito de Lisboa",
14,13,"Ver Apartamento T3 para comprar na Amadora, Águas Livres",https://casa.sapo.pt/comprar-apartamento-t3-amadora-aguas-livres-a6027346-7eb3-11f0-8add-060000000054.html,T3,Usado,72.0,295000.0,,,4097.22,"Águas Livres, Amadora, Distrito de Lisboa",
14,14,"Ver Apartamento T2 para comprar na Amadora, Venteira",https://casa.sapo.pt/comprar-apartamento-t2-amadora-venteira-cec6a9f5-7693-11f0-8add-060000000054.html,T2,Usado,74.0,245000.0,,,3310.81,"Venteira, Amadora, Distrito de Lisboa",
14,15,"Ver Apartamento T2 para comprar na Amadora, Mina de Água",https://casa.sapo.pt/comprar-apartamento-t2-amadora-mina-de-agua-2e017153-9317-11f0-8add-060000000054.html,T2,Usado,121.0,420000.0,,,3471.07,"Mina de Água, Amadora, Distrito de Lisboa",
14,16,"Ver Apartamento T2 para comprar na Amadora, Venteira",https://casa.sapo.pt/comprar-apartamento-t2-amadora-venteira-6a520085-06e8-11f0-9e61-060000000056.html,T2,Em construção,119.0,430000.0,,,3613.45,"Venteira, Amadora, Distrito de Lisboa",
14,17,"Ver Apartamento para comprar na Amadora, Venteira",https://casa.sapo.pt/comprar-apartamento-t3-amadora-venteira-1f0d2604-f471-11ef-a463-060000000052.html,,Recuperado,85.0,295000.0,,,3470.59,"Venteira, Amadora, Distrito de Lisboa",
14,18,"Ver Apartamento T2 para comprar na Amadora, Mina de Água",https://casa.sapo.pt/comprar-apartamento-t2-amadora-mina-de-agua-d253ee6b-89a2-11f0-8add-060000000054.html,T2,Renovado,60.0,289000.0,,,4816.67,"Mina de Água, Amadora, Distrito de Lisboa",
14,19,"Ver Apartamento T3 para comprar na Amadora, Mina de Água",https://casa.sapo.pt/comprar-apartamento-t3-amadora-mina-de-agua-a6164e29-6896-11f0-9e61-060000000056.html,T3,Usado,110.0,349000.0,,,3172.73,"Mina de Água, Amadora, Distrito de Lisboa",
14,20,"Ver Apartamento T1 para comprar na Amadora, Venteira",https://casa.sapo.pt/comprar-apartamento-t1-amadora-venteira-c0229405-bd2c-11ef-8add-060000000054.html,T1,Usado,48.0,194000.0,,,4041.67,"Venteira, Amadora, Distrito de Lisboa",
14,21,"Ver Apartamento T2 para comprar na Amadora, Mina de Água",https://casa.sapo.pt/comprar-apartamento-t2-amadora-mina-de-agua-e13681ba-89a5-11f0-8add-060000000054.html,T2,Renovado,62.0,269000.0,,,4338.71,"Mina de Água, Amadora, Distrito de Lisboa",
14,22,"Ver Apartamento T4 para comprar na Amadora, Venteira",https://casa.sapo.pt/comprar-apartamento-t4-amadora-venteira-33a621be-8b04-11f0-b3d3-060000000057.html,T4,Usado,172.0,420000.0,,,2441.86,"Venteira, Amadora, Distrito de Lisboa",
14,23,"Ver Apartamento T2 para comprar na Amadora, Mina de Água",https://casa.sapo.pt/comprar-apartamento-t2-amadora-mina-de-agua-ce91255d-8422-11f0-a463-060000000052.html,T2,Recuperado,55.0,289000.0,,,5254.55,"Mina de Água, Amadora, Distrito de Lisboa",
14,24,"Ver Apartamento T2 para comprar na Amadora, Venteira",https://casa.sapo.pt/comprar-apartamento-t2-amadora-venteira-a173ac57-9228-11f0-8add-060000000054.html,T2,Usado,107.0,460000.0,,,4299.07,"Venteira, Amadora, Distrito de Lisboa",
14,25,"Ver Apartamento T2 para comprar na Amadora, Mina de Água",https://casa.sapo.pt/comprar-apartamento-t2-amadora-mina-de-agua-c2d0e671-7c6e-11f0-b3d3-060000000057.html,T2,Renovado,60.0,269000.0,,,4483.33,"Mina de Água, Amadora, Distrito de Lisboa",
15,1,"Ver Apartamento T3 para comprar na Amadora, Águas Livres",https://casa.sapo.pt/comprar-apartamento-t3-amadora-aguas-livres-61ee8a35-ce51-11ef-9e61-060000000056.html,T3,Usado,140.0,450000.0,,,3214.29,"Águas Livres, Amadora, Distrito de Lisboa",
15,2,"Ver Apartamento T3 para comprar na Amadora, Venteira",https://casa.sapo.pt/comprar-apartamento-t3-amadora-venteira-ef7b807a-9227-11f0-8add-060000000054.html,T3,Usado,135.0,595000.0,,,4407.41,"Venteira, Amadora, Distrito de Lisboa",
15,3,"Ver Apartamento para comprar na Amadora, Venteira",https://casa.sapo.pt/comprar-apartamento-t2-amadora-venteira-9e378515-696f-11f0-8add-060000000054.html,,Recuperado,70.0,257500.0,,,3678.57,"Venteira, Amadora, Distrito de Lisboa",
15,4,"Ver Apartamento T3 para comprar na Amadora, Mina de Água",https://casa.sapo.pt/comprar-apartamento-t3-amadora-mina-de-agua-d02451db-d889-11ef-9e61-060000000056.html,T3,Usado,107.0,262000.0,,,2448.6,"Mina de Água, Amadora, Distrito de Lisboa",
15,5,"Ver Apartamento T3 para comprar na Amadora, Venteira",https://casa.sapo.pt/comprar-apartamento-t3-amadora-venteira-c12cf199-9228-11f0-8add-060000000054.html,T3,Usado,136.0,580000.0,,,4264.71,"Venteira, Amadora, Distrito de Lisboa",
15,6,"Ver Apartamento T3 para comprar na Amadora, Mina de Água",https://casa.sapo.pt/comprar-apartamento-t3-amadora-mina-de-agua-8a56aea7-8a70-11f0-8359-060000000051.html,T3,Usado,117.0,372500.0,,,3183.76,"Mina de Água, Amadora, Distrito de Lisboa",
15,7,"Ver Apartamento T3 para comprar na Amadora, Alfragide",https://casa.sapo.pt/comprar-apartamento-t3-amadora-alfragide-0295b84f-354e-11ef-bf55-060000000056.html,T3,Renovado,85.0,180000.0,,,2117.65,"Alfragide, Amadora, Distrito de Lisboa",
15,8,"Ver Apartamento T2 para comprar na Amadora, Encosta do Sol, Alfornelos",https://casa.sapo.pt/comprar-apartamento-t2-amadora-encosta-do-sol-alfornelos-f138ca88-57f4-11f0-8359-060000000051.html,T2,Usado,73.0,290000.0,,,3972.6,"Alfornelos, Encosta do Sol, Amadora, Distrito de Lisboa",
15,9,"Ver Apartamento T3 para comprar na Amadora, Mina de Água",https://casa.sapo.pt/comprar-apartamento-t3-amadora-mina-de-agua-73d6f53c-88b0-11f0-8add-060000000054.html,T3,Usado,91.0,385000.0,,,4230.77,"Mina de Água, Amadora, Distrito de Lisboa",
15,10,"Ver Apartamento T2 para comprar na Amadora, Mina de Água, A-da-Beja (Mina)",https://casa.sapo.pt/comprar-apartamento-t2-amadora-mina-de-agua-a-da-beja-(mina)-b887bd70-8fa3-11f0-9e61-060000000056.html,T2,Usado,67.0,235000.0,,,3507.46,"A-da-Beja (Mina), Mina de Água, Amadora, Distrito de Lisboa",
15,11,"Ver Apartamento T2 para comprar na Amadora, Mina de Água, Arredores (São Brás)",https://casa.sapo.pt/comprar-apartamento-t2-amadora-mina-de-agua-arredores-(sao-bras)-6758dbac-930e-11f0-8add-060000000054.html,T2,Renovado,60.0,269000.0,,,4483.33,"Arredores (São Brás), Mina de Água, Amadora, Distrito de Lisboa",
15,12,"Ver Apartamento T3 para comprar na Amadora, Águas Livres, Reboleira",https://casa.sapo.pt/comprar-apartamento-t3-amadora-aguas-livres-reboleira-3b6fd340-7ded-11f0-8add-060000000054.html,T3,Renovado,105.0,39500043500092.0,,,376190890477.07,"Reboleira, Águas Livres, Amadora, Distrito de Lisboa",
15,13,"Ver Apartamento T1 para comprar na Amadora, Águas Livres",https://casa.sapo.pt/comprar-apartamento-t1-amadora-aguas-livres-b81f6283-4b59-11f0-80d2-060000000058.html,T1,Usado,48.0,194000.0,,,4041.67,"Águas Livres, Amadora, Distrito de Lisboa",
15,14,"Ver Apartamento T2 para comprar na Amadora, Mina de Água, Casal de São Brás (São Brás)",https://casa.sapo.pt/comprar-apartamento-t2-amadora-mina-de-agua-casal-de-sao-bras-(sao-bras)-3ec00e1f-81cc-11f0-8add-060000000054.html,T2,Recuperado,95.0,270000.0,,,2842.11,"Casal de São Brás (São Brás), Mina de Água, Amadora, Distrito de Lisboa",
15,15,"Ver Apartamento T3 para comprar na Amadora, Mina de Água, Mina",https://casa.sapo.pt/comprar-apartamento-t3-amadora-mina-de-agua-mina-530d93f9-3259-11f0-8add-060000000054.html,T3,Renovado,98.0,319000.0,,,3255.1,"Mina, Mina de Água, Amadora, Distrito de Lisboa",
15,16,"Ver Apartamento T0 para comprar na Amadora, Encosta do Sol",https://casa.sapo.pt/comprar-apartamento-t0-amadora-encosta-do-sol-611dd3e1-8da9-11f0-86ff-060000000058.html,T0,Usado,54.0,219000.0,,,4055.56,"Encosta do Sol, Amadora, Distrito de Lisboa",
15,17,"Ver Apartamento T3 para comprar na Amadora, Águas Livres",https://casa.sapo.pt/comprar-apartamento-t3-amadora-aguas-livres-ba9b2a90-81c3-11f0-8add-060000000054.html,T3,Recuperado,105.0,395000.0,,,3761.9,"Águas Livres, Amadora, Distrito de Lisboa",
15,18,"Ver Apartamento para comprar na Amadora, Mina de Água, Centro (Mina)",https://casa.sapo.pt/comprar-apartamento-t3-amadora-mina-de-agua-centro-(mina)-b501fcb3-6635-11f0-8add-060000000054.html,,Renovado,81.0,289000.0,,,3567.9,"Centro (Mina), Mina de Água, Amadora, Distrito de Lisboa",
15,19,"Ver Apartamento T3 para comprar na Amadora, Encosta do Sol",https://casa.sapo.pt/comprar-apartamento-t3-amadora-encosta-do-sol-6dc9f9c1-958f-11f0-8add-060000000054.html,T3,Usado,128.0,329000.0,,,2570.31,"Encosta do Sol, Amadora, Distrito de Lisboa",
15,20,"Ver Apartamento T3 para comprar na Amadora, Mina de Água",https://casa.sapo.pt/comprar-apartamento-t3-amadora-mina-de-agua-cc96bcfb-8423-11f0-a463-060000000052.html,T3,Recuperado,120.0,480000.0,,,4000.0,"Mina de Água, Amadora, Distrito de Lisboa",
15,21,"Ver Apartamento T2 para comprar na Amadora, Venteira",https://casa.sapo.pt/comprar-apartamento-t2-amadora-venteira-952ac939-0bc3-11f0-8add-060000000054.html,T2,Usado,132.0,430000.0,,,3257.58,"Venteira, Amadora, Distrito de Lisboa",
15,22,"Ver Apartamento T3 para comprar na Amadora, Águas Livres",https://casa.sapo.pt/comprar-apartamento-t3-amadora-aguas-livres-667a6ea2-8ca1-11f0-8359-060000000051.html,T3,Recuperado,92.0,230000.0,,,2500.0,"Águas Livres, Amadora, Distrito de Lisboa",
15,23,"Ver Apartamento T3 para comprar na Amadora, Venteira",https://casa.sapo.pt/comprar-apartamento-t3-amadora-venteira-a01e7953-88a6-11f0-8add-060000000054.html,T3,Usado,73.0,290000.0,,,3972.6,"Venteira, Amadora, Distrito de Lisboa",
15,24,"Ver Apartamento T2 para comprar na Amadora, Igreja (Venteira)",https://casa.sapo.pt/comprar-apartamento-t2-amadora-igreja-(venteira)-186ca226-5102-11f0-8add-060000000054.html,T2,Recuperado,55.0,259000.0,,,4709.09,"Igreja (Venteira), Amadora, Distrito de Lisboa",
15,25,"Ver Apartamento T1 para comprar na Amadora, Venteira",https://casa.sapo.pt/comprar-apartamento-t1-amadora-venteira-57555ba9-5738-11f0-8add-060000000054.html,T1,Usado,81.0,175000.0,,,2160.49,"Venteira, Amadora, Distrito de Lisboa",
16,1,"Ver Apartamento T3 para comprar na Amadora, Mina de Água",https://casa.sapo.pt/comprar-apartamento-t3-amadora-mina-de-agua-6f43419d-5699-11f0-8359-060000000051.html,T3,Usado,85.0,320000.0,,,3764.71,"Mina de Água, Amadora, Distrito de Lisboa",
16,2,"Ver Apartamento T3 para comprar na Amadora, Águas Livres",https://casa.sapo.pt/comprar-apartamento-t3-amadora-aguas-livres-f4bcd656-5345-11f0-8add-060000000054.html,T3,Renovado,98.0,349000.0,,,3561.22,"Águas Livres, Amadora, Distrito de Lisboa",
16,3,"Ver Apartamento T2 para comprar na Amadora, Mina de Água",https://casa.sapo.pt/comprar-apartamento-t2-amadora-mina-de-agua-58106e2a-83f9-11f0-8add-060000000054.html,T2,Usado,66.0,289000.0,,,4378.79,"Mina de Água, Amadora, Distrito de Lisboa",
16,4,"Ver Apartamento T3 para comprar na Amadora, Mina de Água",https://casa.sapo.pt/comprar-apartamento-t3-amadora-mina-de-agua-e8424ea6-823f-11ee-aeeb-060000000051.html,T3,Novo,,450000.0,,,,"Mina de Água, Amadora, Distrito de Lisboa",
16,5,"Ver Apartamento T4 para comprar na Amadora, Águas Livres",https://casa.sapo.pt/comprar-apartamento-t4-amadora-aguas-livres-40e779b3-4080-11ef-b4a9-060000000058.html,T4,Novo,149.0,,,,,"Águas Livres, Amadora, Distrito de Lisboa",
16,6,"Ver Apartamento T3 para comprar na Amadora, Águas Livres",https://casa.sapo.pt/comprar-apartamento-t3-amadora-aguas-livres-2565e739-4080-11ef-b4a9-060000000058.html,T3,Novo,125.0,,,,,"Águas Livres, Amadora, Distrito de Lisboa",
16,7,"Ver Apartamento para comprar na Amadora, Águas Livres, Urbanização Neudel",https://casa.sapo.pt/comprar-apartamento-amadora-aguas-livres-urbanizacao-neudel-2343a135-cc2a-11ed-9c85-060000000052.html,,Novo,,480000.0,,,,"Urbanização Neudel, Águas Livres, Amadora, Distrito de Lisboa",
16,8,"Ver Apartamento T3 para comprar na Amadora, Águas Livres",https://casa.sapo.pt/comprar-apartamento-t3-amadora-aguas-livres-bb380ef9-df4e-11ee-9c5d-060000000053.html,T3,Novo,104.0,,,,,"Águas Livres, Amadora, Distrito de Lisboa",
16,9,"Ver Apartamento T2 para comprar na Amadora, Mina de Água",https://casa.sapo.pt/comprar-apartamento-t2-amadora-mina-de-agua-3b8b7cbe-5e3d-11ec-a521-060000000056.html,T2,Usado,72.0,155500.0,,,2159.72,"Mina de Água, Amadora, Distrito de Lisboa",
16,10,"Ver Apartamento T2 para comprar na Amadora, Águas Livres",https://casa.sapo.pt/comprar-apartamento-t2-amadora-aguas-livres-4bf95d8f-a8fc-4c2e-8f30-2bf3dacb8a39.html,T2,Usado,67.0,300000.0,,,4477.61,"Águas Livres, Amadora, Distrito de Lisboa",
16,11,"Ver Apartamento T3 para comprar na Amadora, Águas Livres",https://casa.sapo.pt/comprar-apartamento-t3-amadora-aguas-livres-0a4f3d43-d972-11ef-9e61-060000000056.html,T3,Usado,102.0,39500043500092.0,,,387255328432.27,"Águas Livres, Amadora, Distrito de Lisboa",
16,12,"Ver Apartamento T3 para comprar na Amadora, Mina de Água",https://casa.sapo.pt/comprar-apartamento-t3-amadora-mina-de-agua-27c4d51d-8a7a-11f0-8add-060000000054.html,T3,Usado,100.0,290000.0,,,2900.0,"Mina de Água, Amadora, Distrito de Lisboa",
16,13,"Ver Apartamento T3 para comprar na Amadora, Águas Livres",https://casa.sapo.pt/comprar-apartamento-t3-amadora-aguas-livres-7a25050e-3a3d-11f0-a463-060000000052.html,T3,Usado,92.0,319500.0,,,3472.83,"Águas Livres, Amadora, Distrito de Lisboa",
16,14,"Ver Apartamento T3 para comprar na Amadora, Mina de Água, Urbanização Alto da Mira",https://casa.sapo.pt/comprar-apartamento-t3-amadora-mina-de-agua-urbanizacao-alto-da-mira-093631cf-3acf-11ee-91bc-060000000057.html,T3,Usado,116.0,,,,,"Urbanização Alto da Mira, Mina de Água, Amadora, Distrito de Lisboa",
16,15,"Ver Apartamento T3 para comprar na Amadora, Águas Livres",https://casa.sapo.pt/comprar-apartamento-t3-amadora-aguas-livres-b9066d38-8da9-11f0-8add-060000000054.html,T3,Usado,115.0,410000.0,,,3565.22,"Águas Livres, Amadora, Distrito de Lisboa",
16,16,"Ver Apartamento para comprar na Amadora, Venteira",https://casa.sapo.pt/comprar-apartamento-t2-amadora-venteira-8a5ea384-4e2a-11f0-9e61-060000000056.html,,Em construção,84.0,390000.0,,,4642.86,"Venteira, Amadora, Distrito de Lisboa",
16,17,"Ver Apartamento T1+2 para comprar na Amadora, Águas Livres",https://casa.sapo.pt/comprar-apartamento-t1-amadora-aguas-livres-8aa7689c-84ec-11f0-b3d3-060000000057.html,T1,Renovado,54.0,249000.0,,,4611.11,"Águas Livres, Amadora, Distrito de Lisboa",
16,18,"Ver Apartamento T2 para comprar na Amadora, Falagueira-Venda Nova",https://casa.sapo.pt/comprar-apartamento-t2-amadora-falagueira-venda-nova-019f57ab-204b-11f0-9e0e-060000000057.html,T2,Renovado,78.0,265000.0,,,3397.44,"Falagueira-Venda Nova, Amadora, Distrito de Lisboa",
16,19,"Ver Apartamento T4 para comprar na Amadora, Venteira",https://casa.sapo.pt/comprar-apartamento-t4-amadora-venteira-b7ca6f5f-87ff-11f0-a463-060000000052.html,T4,Usado,105.0,395000.0,,,3761.9,"Venteira, Amadora, Distrito de Lisboa",
16,20,"Ver Apartamento T2 para comprar na Amadora, Mina de Água",https://casa.sapo.pt/comprar-apartamento-t2-amadora-mina-de-agua-a167ee1c-8c9f-11f0-b3d3-060000000057.html,T2,Usado,90.0,295000.0,,,3277.78,"Mina de Água, Amadora, Distrito de Lisboa",
16,21,"Ver Apartamento T3 para comprar na Amadora, Venteira",https://casa.sapo.pt/comprar-apartamento-t3-amadora-venteira-17946370-37e1-11f0-a463-060000000052.html,T3,Recuperado,90.0,320000.0,,,3555.56,"Venteira, Amadora, Distrito de Lisboa",
16,22,"Ver Apartamento T2 para comprar na Amadora, Mina de Água",https://casa.sapo.pt/comprar-apartamento-t2-amadora-mina-de-agua-39e49414-957a-11f0-8add-060000000054.html,T2,Usado,59.0,205000.0,,,3474.58,"Mina de Água, Amadora, Distrito de Lisboa",
16,23,"Ver Apartamento T2 para comprar na Amadora, Mina de Água",https://casa.sapo.pt/comprar-apartamento-t2-amadora-mina-de-agua-76b60527-84f0-11f0-b3d3-060000000057.html,T2,Renovado,60.0,269000.0,,,4483.33,"Mina de Água, Amadora, Distrito de Lisboa",
16,24,"Ver Apartamento T2 para comprar na Amadora, Mina de Água",https://casa.sapo.pt/comprar-apartamento-t2-amadora-mina-de-agua-14526180-76d4-11f0-a463-060000000052.html,T2,Recuperado,66.0,259000.0,,,3924.24,"Mina de Água, Amadora, Distrito de Lisboa",
16,25,"Ver Apartamento T3 para comprar na Amadora, Águas Livres",https://casa.sapo.pt/comprar-apartamento-t3-amadora-aguas-livres-f01fa92b-7cd4-11f0-b3d3-060000000057.html,T3,Recuperado,110.0,349000.0,,,3172.73,"Águas Livres, Amadora, Distrito de Lisboa",
